run_timestamp_utc,ranking_date,country,platform,chart_type,chart_label,app_id,rank
2026-07-24T05:37:49.941379+00:00,2026-07-22,SG,ios,topgrossingapplications,Top Grossing iPhone Apps,6739554056,1
2026-07-24T05:37:49.941379+00:00,2026-07-22,SG,ios,topgrossingapplications,Top Grossing iPhone Apps,1160056295,2
2026-07-24T05:37:49.941379+00:00,2026-07-22,SG,ios,topgrossingapplications,Top Grossing iPhone Apps,6443575749,3
2026-07-24T05:37:49.941379+00:00,2026-07-22,SG,ios,topgrossingapplications,Top Grossing iPhone Apps,6448786147,4
2026-07-24T05:37:49.941379+00:00,2026-07-22,SG,ios,topgrossingapplications,Top Grossing iPhone Apps,1621328561,5
2026-07-24T05:37:49.941379+00:00,2026-07-22,SG,ios,topgrossingapplications,Top Grossing iPhone Apps,1094591345,6
2026-07-24T05:37:49.941379+00:00,2026-07-22,SG,ios,topgrossingapplications,Top Grossing iPhone Apps,1623318294,7
2026-07-24T05:37:49.941379+00:00,2026-07-22,SG,ios,topgrossingapplications,Top Grossing iPhone Apps,553834731,8
2026-07-24T05:37:49.941379+00:00,2026-07-22,SG,ios,topgrossingapplications,Top Grossing iPhone Apps,6754275005,9
2026-07-24T05:37:49.941379+00:00,2026-07-22,SG,ios,topgrossingapplications,Top Grossing iPhone Apps,6739616715,10
2026-07-24T05:37:49.941379+00:00,2026-07-22,SG,ios,topgrossingapplications,Top Grossing iPhone Apps,1482155847,11
2026-07-24T05:37:49.941379+00:00,2026-07-22,SG,ios,topgrossingapplications,Top Grossing iPhone Apps,6741567125,12
2026-07-24T05:37:49.941379+00:00,2026-07-22,SG,ios,topgrossingapplications,Top Grossing iPhone Apps,406889139,13
2026-07-24T05:37:49.941379+00:00,2026-07-22,SG,ios,topgrossingapplications,Top Grossing iPhone Apps,1117270703,14
2026-07-24T05:37:49.941379+00:00,2026-07-22,SG,ios,topgrossingapplications,Top Grossing iPhone Apps,1105855019,15
2026-07-24T05:37:49.941379+00:00,2026-07-22,SG,ios,topgrossingapplications,Top Grossing iPhone Apps,6471045672,16
2026-07-24T05:37:49.941379+00:00,2026-07-22,SG,ios,topgrossingapplications,Top Grossing iPhone Apps,6503272652,17
2026-07-24T05:37:49.941379+00:00,2026-07-22,SG,ios,topgrossingapplications,Top Grossing iPhone Apps,6670441558,18
2026-07-24T05:37:49.941379+00:00,2026-07-22,SG,ios,topgrossingapplications,Top Grossing iPhone Apps,1517783697,19
2026-07-24T05:37:49.941379+00:00,2026-07-22,SG,ios,topgrossingapplications,Top Grossing iPhone Apps,638689075,20
2026-07-24T05:37:49.941379+00:00,2026-07-22,SG,ios,topgrossingapplications,Top Grossing iPhone Apps,1485549629,21
2026-07-24T05:37:49.941379+00:00,2026-07-22,SG,ios,topgrossingapplications,Top Grossing iPhone Apps,1094930513,22
2026-07-24T05:37:49.941379+00:00,2026-07-22,SG,ios,topgrossingapplications,Top Grossing iPhone Apps,6738109752,23
2026-07-24T05:37:49.941379+00:00,2026-07-22,SG,ios,topgrossingapplications,Top Grossing iPhone Apps,1290086677,24
2026-07-24T05:37:49.941379+00:00,2026-07-22,SG,ios,topgrossingapplications,Top Grossing iPhone Apps,1599719154,25
2026-07-24T05:37:49.941379+00:00,2026-07-22,SG,ios,topgrossingapplications,Top Grossing iPhone Apps,1330123889,26
2026-07-24T05:37:49.941379+00:00,2026-07-22,SG,ios,topgrossingapplications,Top Grossing iPhone Apps,1195621598,27
2026-07-24T05:37:49.941379+00:00,2026-07-22,SG,ios,topgrossingapplications,Top Grossing iPhone Apps,6740966864,28
2026-07-24T05:37:49.941379+00:00,2026-07-22,SG,ios,topgrossingapplications,Top Grossing iPhone Apps,6476261995,29
2026-07-24T05:37:49.941379+00:00,2026-07-22,SG,ios,topgrossingapplications,Top Grossing iPhone Apps,6472396866,30
2026-07-24T05:37:49.941379+00:00,2026-07-22,SG,ios,topgrossingapplications,Top Grossing iPhone Apps,6475757306,31
2026-07-24T05:37:49.941379+00:00,2026-07-22,SG,ios,topgrossingapplications,Top Grossing iPhone Apps,1356980152,32
2026-07-24T05:37:49.941379+00:00,2026-07-22,SG,ios,topgrossingapplications,Top Grossing iPhone Apps,1606549505,33
2026-07-24T05:37:49.941379+00:00,2026-07-22,SG,ios,topgrossingapplications,Top Grossing iPhone Apps,1521236603,34
2026-07-24T05:37:49.941379+00:00,2026-07-22,SG,ios,topgrossingapplications,Top Grossing iPhone Apps,852912420,35
2026-07-24T05:37:49.941379+00:00,2026-07-22,SG,ios,topgrossingapplications,Top Grossing iPhone Apps,1465688043,36
2026-07-24T05:37:49.941379+00:00,2026-07-22,SG,ios,topgrossingapplications,Top Grossing iPhone Apps,1358222641,37
2026-07-24T05:37:49.941379+00:00,2026-07-22,SG,ios,topgrossingapplications,Top Grossing iPhone Apps,6752377341,38
2026-07-24T05:37:49.941379+00:00,2026-07-22,SG,ios,topgrossingapplications,Top Grossing iPhone Apps,6618142292,39
2026-07-24T05:37:49.941379+00:00,2026-07-22,SG,ios,topgrossingapplications,Top Grossing iPhone Apps,6504542886,40
2026-07-24T05:37:49.941379+00:00,2026-07-22,SG,ios,topgrossingapplications,Top Grossing iPhone Apps,664575829,41
2026-07-24T05:37:49.941379+00:00,2026-07-22,SG,ios,topgrossingapplications,Top Grossing iPhone Apps,1462911602,42
2026-07-24T05:37:49.941379+00:00,2026-07-22,SG,ios,topgrossingapplications,Top Grossing iPhone Apps,1176027022,43
2026-07-24T05:37:49.941379+00:00,2026-07-22,SG,ios,topgrossingapplications,Top Grossing iPhone Apps,447553564,44
2026-07-24T05:37:49.941379+00:00,2026-07-22,SG,ios,topgrossingapplications,Top Grossing iPhone Apps,6751532378,45
2026-07-24T05:37:49.941379+00:00,2026-07-22,SG,ios,topgrossingapplications,Top Grossing iPhone Apps,1492005122,46
2026-07-24T05:37:49.941379+00:00,2026-07-22,SG,ios,topgrossingapplications,Top Grossing iPhone Apps,1404165333,47
2026-07-24T05:37:49.941379+00:00,2026-07-22,SG,ios,topgrossingapplications,Top Grossing iPhone Apps,1487451427,48
2026-07-24T05:37:49.941379+00:00,2026-07-22,SG,ios,topgrossingapplications,Top Grossing iPhone Apps,529479190,49
2026-07-24T05:37:49.941379+00:00,2026-07-22,SG,ios,topgrossingapplications,Top Grossing iPhone Apps,6755455500,50
2026-07-24T05:37:49.941379+00:00,2026-07-22,SG,ios,topgrossingapplications,Top Grossing iPhone Apps,1619254071,51
2026-07-24T05:37:49.941379+00:00,2026-07-22,SG,ios,topgrossingapplications,Top Grossing iPhone Apps,1243005112,52
2026-07-24T05:37:49.941379+00:00,2026-07-22,SG,ios,topgrossingapplications,Top Grossing iPhone Apps,1585915174,53
2026-07-24T05:37:49.941379+00:00,2026-07-22,SG,ios,topgrossingapplications,Top Grossing iPhone Apps,6450953550,54
2026-07-24T05:37:49.941379+00:00,2026-07-22,SG,ios,topgrossingapplications,Top Grossing iPhone Apps,1571450882,55
2026-07-24T05:37:49.941379+00:00,2026-07-22,SG,ios,topgrossingapplications,Top Grossing iPhone Apps,1643509748,56
2026-07-24T05:37:49.941379+00:00,2026-07-22,SG,ios,topgrossingapplications,Top Grossing iPhone Apps,1229016807,57
2026-07-24T05:37:49.941379+00:00,2026-07-22,SG,ios,topgrossingapplications,Top Grossing iPhone Apps,6756247787,58
2026-07-24T05:37:49.941379+00:00,2026-07-22,SG,ios,topgrossingapplications,Top Grossing iPhone Apps,6745761596,59
2026-07-24T05:37:49.941379+00:00,2026-07-22,SG,ios,topgrossingapplications,Top Grossing iPhone Apps,6752369665,60
2026-07-24T05:37:49.941379+00:00,2026-07-22,SG,ios,topgrossingapplications,Top Grossing iPhone Apps,1127108818,61
2026-07-24T05:37:49.941379+00:00,2026-07-22,SG,ios,topgrossingapplications,Top Grossing iPhone Apps,1616120276,62
2026-07-24T05:37:49.941379+00:00,2026-07-22,SG,ios,topgrossingapplications,Top Grossing iPhone Apps,6737595599,63
2026-07-24T05:37:49.941379+00:00,2026-07-22,SG,ios,topgrossingapplications,Top Grossing iPhone Apps,1053012308,64
2026-07-24T05:37:49.941379+00:00,2026-07-22,SG,ios,topgrossingapplications,Top Grossing iPhone Apps,6746151928,65
2026-07-24T05:37:49.941379+00:00,2026-07-22,SG,ios,topgrossingapplications,Top Grossing iPhone Apps,6503702666,66
2026-07-24T05:37:49.941379+00:00,2026-07-22,SG,ios,topgrossingapplications,Top Grossing iPhone Apps,6443755785,67
2026-07-24T05:37:49.941379+00:00,2026-07-22,SG,ios,topgrossingapplications,Top Grossing iPhone Apps,459035295,68
2026-07-24T05:37:49.941379+00:00,2026-07-22,SG,ios,topgrossingapplications,Top Grossing iPhone Apps,6755215313,69
2026-07-24T05:37:49.941379+00:00,2026-07-22,SG,ios,topgrossingapplications,Top Grossing iPhone Apps,1091301948,70
2026-07-24T05:37:49.941379+00:00,2026-07-22,SG,ios,topgrossingapplications,Top Grossing iPhone Apps,6769728691,71
2026-07-24T05:37:49.941379+00:00,2026-07-22,SG,ios,topgrossingapplications,Top Grossing iPhone Apps,1517980891,72
2026-07-24T05:37:49.941379+00:00,2026-07-22,SG,ios,topgrossingapplications,Top Grossing iPhone Apps,1371565796,73
2026-07-24T05:37:49.941379+00:00,2026-07-22,SG,ios,topgrossingapplications,Top Grossing iPhone Apps,6503113088,74
2026-07-24T05:37:49.941379+00:00,2026-07-22,SG,ios,topgrossingapplications,Top Grossing iPhone Apps,6445906110,75
2026-07-24T05:37:49.941379+00:00,2026-07-22,SG,ios,topgrossingapplications,Top Grossing iPhone Apps,6755585789,76
2026-07-24T05:37:49.941379+00:00,2026-07-22,SG,ios,topgrossingapplications,Top Grossing iPhone Apps,1445182889,77
2026-07-24T05:37:49.941379+00:00,2026-07-22,SG,ios,topgrossingapplications,Top Grossing iPhone Apps,6446389130,78
2026-07-24T05:37:49.941379+00:00,2026-07-22,SG,ios,topgrossingapplications,Top Grossing iPhone Apps,6737688139,79
2026-07-24T05:37:49.941379+00:00,2026-07-22,SG,ios,topgrossingapplications,Top Grossing iPhone Apps,6760284438,80
2026-07-24T05:37:49.941379+00:00,2026-07-22,SG,ios,topgrossingapplications,Top Grossing iPhone Apps,1273064549,81
2026-07-24T05:37:49.941379+00:00,2026-07-22,SG,ios,topgrossingapplications,Top Grossing iPhone Apps,6758334085,82
2026-07-24T05:37:49.941379+00:00,2026-07-22,SG,ios,topgrossingapplications,Top Grossing iPhone Apps,6479970832,83
2026-07-24T05:37:49.941379+00:00,2026-07-22,SG,ios,topgrossingapplications,Top Grossing iPhone Apps,6756989323,84
2026-07-24T05:37:49.941379+00:00,2026-07-22,SG,ios,topgrossingapplications,Top Grossing iPhone Apps,6752672568,85
2026-07-24T05:37:49.941379+00:00,2026-07-22,SG,ios,topgrossingapplications,Top Grossing iPhone Apps,1464872022,86
2026-07-24T05:37:49.941379+00:00,2026-07-22,SG,ios,topgrossingapplications,Top Grossing iPhone Apps,6502820653,87
2026-07-24T05:37:49.941379+00:00,2026-07-22,SG,ios,topgrossingapplications,Top Grossing iPhone Apps,1071976327,88
2026-07-24T05:37:49.941379+00:00,2026-07-22,SG,ios,topgrossingapplications,Top Grossing iPhone Apps,501306812,89
2026-07-24T05:37:49.941379+00:00,2026-07-22,SG,ios,topgrossingapplications,Top Grossing iPhone Apps,6746192853,90
2026-07-24T05:37:49.941379+00:00,2026-07-22,SG,ios,topgrossingapplications,Top Grossing iPhone Apps,6740043080,91
2026-07-24T05:37:49.941379+00:00,2026-07-22,SG,ios,topgrossingapplications,Top Grossing iPhone Apps,6738469826,92
2026-07-24T05:37:49.941379+00:00,2026-07-22,SG,ios,topgrossingapplications,Top Grossing iPhone Apps,6475709488,93
2026-07-24T05:37:49.941379+00:00,2026-07-22,SG,ios,topgrossingapplications,Top Grossing iPhone Apps,1164388317,94
2026-07-24T05:37:49.941379+00:00,2026-07-22,SG,ios,topgrossingapplications,Top Grossing iPhone Apps,6503603603,95
2026-07-24T05:37:49.941379+00:00,2026-07-22,SG,ios,topgrossingapplications,Top Grossing iPhone Apps,6737294814,96
2026-07-24T05:37:49.941379+00:00,2026-07-22,SG,ios,topgrossingapplications,Top Grossing iPhone Apps,1562065271,97
2026-07-24T05:37:49.941379+00:00,2026-07-22,SG,ios,topgrossingapplications,Top Grossing iPhone Apps,1480616990,98
2026-07-24T05:37:49.941379+00:00,2026-07-22,SG,ios,topgrossingapplications,Top Grossing iPhone Apps,6751086804,99
2026-07-24T05:37:49.941379+00:00,2026-07-22,SG,ios,topgrossingapplications,Top Grossing iPhone Apps,6504332779,100
2026-07-24T05:37:49.941379+00:00,2026-07-22,SG,ios,topgrossingapplications,Top Grossing iPhone Apps,850417475,101
2026-07-24T05:37:49.941379+00:00,2026-07-22,SG,ios,topgrossingapplications,Top Grossing iPhone Apps,329218549,102
2026-07-24T05:37:49.941379+00:00,2026-07-22,SG,ios,topgrossingapplications,Top Grossing iPhone Apps,354902315,103
2026-07-24T05:37:49.941379+00:00,2026-07-22,SG,ios,topgrossingapplications,Top Grossing iPhone Apps,1453651052,104
2026-07-24T05:37:49.941379+00:00,2026-07-22,SG,ios,topgrossingapplications,Top Grossing iPhone Apps,6745060196,105
2026-07-24T05:37:49.941379+00:00,2026-07-22,SG,ios,topgrossingapplications,Top Grossing iPhone Apps,6739125107,106
2026-07-24T05:37:49.941379+00:00,2026-07-22,SG,ios,topgrossingapplications,Top Grossing iPhone Apps,6443792064,107
2026-07-24T05:37:49.941379+00:00,2026-07-22,SG,ios,topgrossingapplications,Top Grossing iPhone Apps,1543158709,108
2026-07-24T05:37:49.941379+00:00,2026-07-22,SG,ios,topgrossingapplications,Top Grossing iPhone Apps,6482291732,109
2026-07-24T05:37:49.941379+00:00,2026-07-22,SG,ios,topgrossingapplications,Top Grossing iPhone Apps,1241253595,110
2026-07-24T05:37:49.941379+00:00,2026-07-22,SG,ios,topgrossingapplications,Top Grossing iPhone Apps,1311478292,111
2026-07-24T05:37:49.941379+00:00,2026-07-22,SG,ios,topgrossingapplications,Top Grossing iPhone Apps,1117841866,112
2026-07-24T05:37:49.941379+00:00,2026-07-22,SG,ios,topgrossingapplications,Top Grossing iPhone Apps,1235569398,113
2026-07-24T05:37:49.941379+00:00,2026-07-22,SG,ios,topgrossingapplications,Top Grossing iPhone Apps,6760377678,114
2026-07-24T05:37:49.941379+00:00,2026-07-22,SG,ios,topgrossingapplications,Top Grossing iPhone Apps,1158967485,115
2026-07-24T05:37:49.941379+00:00,2026-07-22,SG,ios,topgrossingapplications,Top Grossing iPhone Apps,719525810,116
2026-07-24T05:37:49.941379+00:00,2026-07-22,SG,ios,topgrossingapplications,Top Grossing iPhone Apps,6746636289,117
2026-07-24T05:37:49.941379+00:00,2026-07-22,SG,ios,topgrossingapplications,Top Grossing iPhone Apps,6443760593,118
2026-07-24T05:37:49.941379+00:00,2026-07-22,SG,ios,topgrossingapplications,Top Grossing iPhone Apps,1464872167,119
2026-07-24T05:37:49.941379+00:00,2026-07-22,SG,ios,topgrossingapplications,Top Grossing iPhone Apps,1550886763,120
2026-07-24T05:37:49.941379+00:00,2026-07-22,SG,ios,topgrossingapplications,Top Grossing iPhone Apps,6754965520,121
2026-07-24T05:37:49.941379+00:00,2026-07-22,SG,ios,topgrossingapplications,Top Grossing iPhone Apps,1098157959,122
2026-07-24T05:37:49.941379+00:00,2026-07-22,SG,ios,topgrossingapplications,Top Grossing iPhone Apps,6443467666,123
2026-07-24T05:37:49.941379+00:00,2026-07-22,SG,ios,topgrossingapplications,Top Grossing iPhone Apps,850057092,124
2026-07-24T05:37:49.941379+00:00,2026-07-22,SG,ios,topgrossingapplications,Top Grossing iPhone Apps,6740848451,125
2026-07-24T05:37:49.941379+00:00,2026-07-22,SG,ios,topgrossingapplications,Top Grossing iPhone Apps,1354260888,126
2026-07-24T05:37:49.941379+00:00,2026-07-22,SG,ios,topgrossingapplications,Top Grossing iPhone Apps,6773633755,127
2026-07-24T05:37:49.941379+00:00,2026-07-22,SG,ios,topgrossingapplications,Top Grossing iPhone Apps,1479198816,128
2026-07-24T05:37:49.941379+00:00,2026-07-22,SG,ios,topgrossingapplications,Top Grossing iPhone Apps,1183802626,129
2026-07-24T05:37:49.941379+00:00,2026-07-22,SG,ios,topgrossingapplications,Top Grossing iPhone Apps,1438810855,130
2026-07-24T05:37:49.941379+00:00,2026-07-22,SG,ios,topgrossingapplications,Top Grossing iPhone Apps,880047117,131
2026-07-24T05:37:49.941379+00:00,2026-07-22,SG,ios,topgrossingapplications,Top Grossing iPhone Apps,6776172319,132
2026-07-24T05:37:49.941379+00:00,2026-07-22,SG,ios,topgrossingapplications,Top Grossing iPhone Apps,1292952049,133
2026-07-24T05:37:49.941379+00:00,2026-07-22,SG,ios,topgrossingapplications,Top Grossing iPhone Apps,1483058899,134
2026-07-24T05:37:49.941379+00:00,2026-07-22,SG,ios,topgrossingapplications,Top Grossing iPhone Apps,6639611514,135
2026-07-24T05:37:49.941379+00:00,2026-07-22,SG,ios,topgrossingapplications,Top Grossing iPhone Apps,1020109860,136
2026-07-24T05:37:49.941379+00:00,2026-07-22,SG,ios,topgrossingapplications,Top Grossing iPhone Apps,1628970855,137
2026-07-24T05:37:49.941379+00:00,2026-07-22,SG,ios,topgrossingapplications,Top Grossing iPhone Apps,6762268182,138
2026-07-24T05:37:49.941379+00:00,2026-07-22,SG,ios,topgrossingapplications,Top Grossing iPhone Apps,6754371626,139
2026-07-24T05:37:49.941379+00:00,2026-07-22,SG,ios,topgrossingapplications,Top Grossing iPhone Apps,785537179,140
2026-07-24T05:37:49.941379+00:00,2026-07-22,SG,ios,topgrossingapplications,Top Grossing iPhone Apps,6751056652,141
2026-07-24T05:37:49.941379+00:00,2026-07-22,SG,ios,topgrossingapplications,Top Grossing iPhone Apps,1376515087,142
2026-07-24T05:37:49.941379+00:00,2026-07-22,SG,ios,topgrossingapplications,Top Grossing iPhone Apps,6753862216,143
2026-07-24T05:37:49.941379+00:00,2026-07-22,SG,ios,topgrossingapplications,Top Grossing iPhone Apps,890378044,144
2026-07-24T05:37:49.941379+00:00,2026-07-22,SG,ios,topgrossingapplications,Top Grossing iPhone Apps,1517957388,145
2026-07-24T05:37:49.941379+00:00,2026-07-22,SG,ios,topgrossingapplications,Top Grossing iPhone Apps,6499209744,146
2026-07-24T05:37:49.941379+00:00,2026-07-22,SG,ios,topgrossingapplications,Top Grossing iPhone Apps,6451019582,147
2026-07-24T05:37:49.941379+00:00,2026-07-22,SG,ios,topgrossingapplications,Top Grossing iPhone Apps,6754878717,148
2026-07-24T05:37:49.941379+00:00,2026-07-22,SG,ios,topgrossingapplications,Top Grossing iPhone Apps,6446516059,149
2026-07-24T05:37:49.941379+00:00,2026-07-22,SG,ios,topgrossingapplications,Top Grossing iPhone Apps,1570095804,150
2026-07-24T05:37:49.941379+00:00,2026-07-22,SG,ios,topgrossingapplications,Top Grossing iPhone Apps,807342900,151
2026-07-24T05:37:49.941379+00:00,2026-07-22,SG,ios,topgrossingapplications,Top Grossing iPhone Apps,1411917616,152
2026-07-24T05:37:49.941379+00:00,2026-07-22,SG,ios,topgrossingapplications,Top Grossing iPhone Apps,6759817762,153
2026-07-24T05:37:49.941379+00:00,2026-07-22,SG,ios,topgrossingapplications,Top Grossing iPhone Apps,6449094229,154
2026-07-24T05:37:49.941379+00:00,2026-07-22,SG,ios,topgrossingapplications,Top Grossing iPhone Apps,1580670593,155
2026-07-24T05:37:49.941379+00:00,2026-07-22,SG,ios,topgrossingapplications,Top Grossing iPhone Apps,6740197103,156
2026-07-24T05:37:49.941379+00:00,2026-07-22,SG,ios,topgrossingapplications,Top Grossing iPhone Apps,1556357398,157
2026-07-24T05:37:49.941379+00:00,2026-07-22,SG,ios,topgrossingapplications,Top Grossing iPhone Apps,1484468651,158
2026-07-24T05:37:49.941379+00:00,2026-07-22,SG,ios,topgrossingapplications,Top Grossing iPhone Apps,1508251903,159
2026-07-24T05:37:49.941379+00:00,2026-07-22,SG,ios,topgrossingapplications,Top Grossing iPhone Apps,6739124364,160
2026-07-24T05:37:49.941379+00:00,2026-07-22,SG,ios,topgrossingapplications,Top Grossing iPhone Apps,6754558455,161
2026-07-24T05:37:49.941379+00:00,2026-07-22,SG,ios,topgrossingapplications,Top Grossing iPhone Apps,6749132002,162
2026-07-24T05:37:49.941379+00:00,2026-07-22,SG,ios,topgrossingapplications,Top Grossing iPhone Apps,1560634468,163
2026-07-24T05:37:49.941379+00:00,2026-07-22,SG,ios,topgrossingapplications,Top Grossing iPhone Apps,6754158504,164
2026-07-24T05:37:49.941379+00:00,2026-07-22,SG,ios,topgrossingapplications,Top Grossing iPhone Apps,6615077767,165
2026-07-24T05:37:49.941379+00:00,2026-07-22,SG,ios,topgrossingapplications,Top Grossing iPhone Apps,6754668476,166
2026-07-24T05:37:49.941379+00:00,2026-07-22,SG,ios,topgrossingapplications,Top Grossing iPhone Apps,6740699102,167
2026-07-24T05:37:49.941379+00:00,2026-07-22,SG,ios,topgrossingapplications,Top Grossing iPhone Apps,6450110217,168
2026-07-24T05:37:49.941379+00:00,2026-07-22,SG,ios,topgrossingapplications,Top Grossing iPhone Apps,6767834940,169
2026-07-24T05:37:49.941379+00:00,2026-07-22,SG,ios,topgrossingapplications,Top Grossing iPhone Apps,1438486723,170
2026-07-24T05:37:49.941379+00:00,2026-07-22,SG,ios,topgrossingapplications,Top Grossing iPhone Apps,1484442152,171
2026-07-24T05:37:49.941379+00:00,2026-07-22,SG,ios,topgrossingapplications,Top Grossing iPhone Apps,6779167923,172
2026-07-24T05:37:49.941379+00:00,2026-07-22,SG,ios,topgrossingapplications,Top Grossing iPhone Apps,1579464667,173
2026-07-24T05:37:49.941379+00:00,2026-07-22,SG,ios,topgrossingapplications,Top Grossing iPhone Apps,1487911239,174
2026-07-24T05:37:49.941379+00:00,2026-07-22,SG,ios,topgrossingapplications,Top Grossing iPhone Apps,1369831970,175
2026-07-24T05:37:49.941379+00:00,2026-07-22,SG,ios,topgrossingapplications,Top Grossing iPhone Apps,1526121033,176
2026-07-24T05:37:49.941379+00:00,2026-07-22,SG,ios,topgrossingapplications,Top Grossing iPhone Apps,6479752688,177
2026-07-24T05:37:49.941379+00:00,2026-07-22,SG,ios,topgrossingapplications,Top Grossing iPhone Apps,6752886832,178
2026-07-24T05:37:49.941379+00:00,2026-07-22,SG,ios,topgrossingapplications,Top Grossing iPhone Apps,6450834358,179
2026-07-24T05:37:49.941379+00:00,2026-07-22,SG,ios,topgrossingapplications,Top Grossing iPhone Apps,6745081346,180
2026-07-24T05:37:49.941379+00:00,2026-07-22,SG,ios,topgrossingapplications,Top Grossing iPhone Apps,1542776143,181
2026-07-24T05:37:49.941379+00:00,2026-07-22,SG,ios,topgrossingapplications,Top Grossing iPhone Apps,1561915737,182
2026-07-24T05:37:49.941379+00:00,2026-07-22,SG,ios,topgrossingapplications,Top Grossing iPhone Apps,6760534336,183
2026-07-24T05:37:49.941379+00:00,2026-07-22,SG,ios,topgrossingapplications,Top Grossing iPhone Apps,806077016,184
2026-07-24T05:37:49.941379+00:00,2026-07-22,SG,ios,topgrossingapplications,Top Grossing iPhone Apps,1635530810,185
2026-07-24T05:37:49.941379+00:00,2026-07-22,SG,ios,topgrossingapplications,Top Grossing iPhone Apps,1452474937,186
2026-07-24T05:37:49.941379+00:00,2026-07-22,SG,ios,topgrossingapplications,Top Grossing iPhone Apps,6752599373,187
2026-07-24T05:37:49.941379+00:00,2026-07-22,SG,ios,topgrossingapplications,Top Grossing iPhone Apps,6746328263,188
2026-07-24T05:37:49.941379+00:00,2026-07-22,SG,ios,topgrossingapplications,Top Grossing iPhone Apps,1558803930,189
2026-07-24T05:37:49.941379+00:00,2026-07-22,SG,ios,topgrossingapplications,Top Grossing iPhone Apps,1356045010,190
2026-07-24T05:37:49.941379+00:00,2026-07-22,SG,ios,topgrossingapplications,Top Grossing iPhone Apps,6443581187,191
2026-07-24T05:37:49.941379+00:00,2026-07-22,SG,ios,topgrossingapplications,Top Grossing iPhone Apps,1534470447,192
2026-07-24T05:37:49.941379+00:00,2026-07-22,SG,ios,topgrossingapplications,Top Grossing iPhone Apps,6754595303,193
2026-07-24T05:37:49.941379+00:00,2026-07-22,SG,ios,topgrossingapplications,Top Grossing iPhone Apps,1252850847,194
2026-07-24T05:37:49.941379+00:00,2026-07-22,SG,ios,topgrossingapplications,Top Grossing iPhone Apps,6742088839,195
2026-07-24T05:37:49.941379+00:00,2026-07-22,SG,ios,topgrossingapplications,Top Grossing iPhone Apps,1257031979,196
2026-07-24T05:37:49.941379+00:00,2026-07-22,SG,ios,topgrossingapplications,Top Grossing iPhone Apps,6757845671,197
2026-07-24T05:37:49.941379+00:00,2026-07-22,SG,ios,topgrossingapplications,Top Grossing iPhone Apps,6736687450,198
2026-07-24T05:37:49.941379+00:00,2026-07-22,SG,ios,topgrossingapplications,Top Grossing iPhone Apps,1138264921,199
2026-07-24T05:37:49.941379+00:00,2026-07-22,SG,ios,topgrossingapplications,Top Grossing iPhone Apps,625257520,200
2026-07-24T05:37:49.941379+00:00,2026-07-22,SG,android,topgrossing,Top Grossing Android Apps,com.run.tower.defense,1
2026-07-24T05:37:49.941379+00:00,2026-07-22,SG,android,topgrossing,Top Grossing Android Apps,com.gof.global,2
2026-07-24T05:37:49.941379+00:00,2026-07-22,SG,android,topgrossing,Top Grossing Android Apps,com.scopely.monopolygo,3
2026-07-24T05:37:49.941379+00:00,2026-07-22,SG,android,topgrossing,Top Grossing Android Apps,com.mobile.legends,4
2026-07-24T05:37:49.941379+00:00,2026-07-22,SG,android,topgrossing,Top Grossing Android Apps,com.king.candycrushsaga,5
2026-07-24T05:37:49.941379+00:00,2026-07-22,SG,android,topgrossing,Top Grossing Android Apps,com.YoStarEN.Arknights,6
2026-07-24T05:37:49.941379+00:00,2026-07-22,SG,android,topgrossing,Top Grossing Android Apps,com.mergegames.gossipharbor,7
2026-07-24T05:37:49.941379+00:00,2026-07-22,SG,android,topgrossing,Top Grossing Android Apps,com.moonactive.coinmaster,8
2026-07-24T05:37:49.941379+00:00,2026-07-22,SG,android,topgrossing,Top Grossing Android Apps,com.roblox.client,9
2026-07-24T05:37:49.941379+00:00,2026-07-22,SG,android,topgrossing,Top Grossing Android Apps,com.fun.lastwar.gp,10
2026-07-24T05:37:49.941379+00:00,2026-07-22,SG,android,topgrossing,Top Grossing Android Apps,com.dreamgames.royalmatch,11
2026-07-24T05:37:49.941379+00:00,2026-07-22,SG,android,topgrossing,Top Grossing Android Apps,com.nianticlabs.pokemongo,12
2026-07-24T05:37:49.941379+00:00,2026-07-22,SG,android,topgrossing,Top Grossing Android Apps,com.farlightgames.pgame.gp,13
2026-07-24T05:37:49.941379+00:00,2026-07-22,SG,android,topgrossing,Top Grossing Android Apps,com.nexon.ma,14
2026-07-24T05:37:49.941379+00:00,2026-07-22,SG,android,topgrossing,Top Grossing Android Apps,air.com.playtika.slotomania,15
2026-07-24T05:37:49.941379+00:00,2026-07-22,SG,android,topgrossing,Top Grossing Android Apps,com.HoYoverse.hkrpgoversea,16
2026-07-24T05:37:49.941379+00:00,2026-07-22,SG,android,topgrossing,Top Grossing Android Apps,com.ggv.roworldsea.aos,17
2026-07-24T05:37:49.941379+00:00,2026-07-22,SG,android,topgrossing,Top Grossing Android Apps,com.playrix.gardenscapes,18
2026-07-24T05:37:49.941379+00:00,2026-07-22,SG,android,topgrossing,Top Grossing Android Apps,com.playrix.township,19
2026-07-24T05:37:49.941379+00:00,2026-07-22,SG,android,topgrossing,Top Grossing Android Apps,com.readygo.barrel.gp,20
2026-07-24T05:37:49.941379+00:00,2026-07-22,SG,android,topgrossing,Top Grossing Android Apps,com.supercell.clashofclans,21
2026-07-24T05:37:49.941379+00:00,2026-07-22,SG,android,topgrossing,Top Grossing Android Apps,com.grandegames.slots.dafu.casino,22
2026-07-24T05:37:49.941379+00:00,2026-07-22,SG,android,topgrossing,Top Grossing Android Apps,com.readygo.dark.gp,23
2026-07-24T05:37:49.941379+00:00,2026-07-22,SG,android,topgrossing,Top Grossing Android Apps,com.bandainamcoent.dgup_ww,24
2026-07-24T05:37:49.941379+00:00,2026-07-22,SG,android,topgrossing,Top Grossing Android Apps,com.miHoYo.GenshinImpact,25
2026-07-24T05:37:49.941379+00:00,2026-07-22,SG,android,topgrossing,Top Grossing Android Apps,com.tencent.ig,26
2026-07-24T05:37:49.941379+00:00,2026-07-22,SG,android,topgrossing,Top Grossing Android Apps,com.ea.gp.fifamobile,27
2026-07-24T05:37:49.941379+00:00,2026-07-22,SG,android,topgrossing,Top Grossing Android Apps,com.dreamgames.royalkingdom,28
2026-07-24T05:37:49.941379+00:00,2026-07-22,SG,android,topgrossing,Top Grossing Android Apps,com.playrix.homescapes,29
2026-07-24T05:37:49.941379+00:00,2026-07-22,SG,android,topgrossing,Top Grossing Android Apps,com.levelinfinite.sgameGlobal,30
2026-07-24T05:37:49.941379+00:00,2026-07-22,SG,android,topgrossing,Top Grossing Android Apps,jp.konami.pesam,31
2026-07-24T05:37:49.941379+00:00,2026-07-22,SG,android,topgrossing,Top Grossing Android Apps,com.justgame.jails,32
2026-07-24T05:37:49.941379+00:00,2026-07-22,SG,android,topgrossing,Top Grossing Android Apps,com.td.watcherofrealms,33
2026-07-24T05:37:49.941379+00:00,2026-07-22,SG,android,topgrossing,Top Grossing Android Apps,com.productmadness.lightninglink,34
2026-07-24T05:37:49.941379+00:00,2026-07-22,SG,android,topgrossing,Top Grossing Android Apps,jp.co.ponos.battlecatsen,35
2026-07-24T05:37:49.941379+00:00,2026-07-22,SG,android,topgrossing,Top Grossing Android Apps,com.cola.game,36
2026-07-24T05:37:49.941379+00:00,2026-07-22,SG,android,topgrossing,Top Grossing Android Apps,com.mten.tgp,37
2026-07-24T05:37:49.941379+00:00,2026-07-22,SG,android,topgrossing,Top Grossing Android Apps,com.jxhy.official,38
2026-07-24T05:37:49.941379+00:00,2026-07-22,SG,android,topgrossing,Top Grossing Android Apps,com.aniplex.fategrandorder.en,39
2026-07-24T05:37:49.941379+00:00,2026-07-22,SG,android,topgrossing,Top Grossing Android Apps,io.randomco.travel,40
2026-07-24T05:37:49.941379+00:00,2026-07-22,SG,android,topgrossing,Top Grossing Android Apps,com.com2us.smon.normal.freefull.google.kr.android.common,41
2026-07-24T05:37:49.941379+00:00,2026-07-22,SG,android,topgrossing,Top Grossing Android Apps,com.kurogame.wutheringwaves.global,42
2026-07-24T05:37:49.941379+00:00,2026-07-22,SG,android,topgrossing,Top Grossing Android Apps,eu.nordeus.topeleven.android,43
2026-07-24T05:37:49.941379+00:00,2026-07-22,SG,android,topgrossing,Top Grossing Android Apps,com.playrix.fishdomdd.gplay,44
2026-07-24T05:37:49.941379+00:00,2026-07-22,SG,android,topgrossing,Top Grossing Android Apps,com.flashheroes.gp.cn,45
2026-07-24T05:37:49.941379+00:00,2026-07-22,SG,android,topgrossing,Top Grossing Android Apps,com.phs.global,46
2026-07-24T05:37:49.941379+00:00,2026-07-22,SG,android,topgrossing,Top Grossing Android Apps,com.dynastytk.king,47
2026-07-24T05:37:49.941379+00:00,2026-07-22,SG,android,topgrossing,Top Grossing Android Apps,com.greenmushroom.boomblitz.gp,48
2026-07-24T05:37:49.941379+00:00,2026-07-22,SG,android,topgrossing,Top Grossing Android Apps,com.fatmerge.global,49
2026-07-24T05:37:49.941379+00:00,2026-07-22,SG,android,topgrossing,Top Grossing Android Apps,com.garena.game.codm,50
2026-07-24T05:37:49.941379+00:00,2026-07-22,SG,android,topgrossing,Top Grossing Android Apps,com.xd.xdtglobal.gp,51
2026-07-24T05:37:49.941379+00:00,2026-07-22,SG,android,topgrossing,Top Grossing Android Apps,com.proximabeta.nikke,52
2026-07-24T05:37:49.941379+00:00,2026-07-22,SG,android,topgrossing,Top Grossing Android Apps,com.wjcsasia.android,53
2026-07-24T05:37:49.941379+00:00,2026-07-22,SG,android,topgrossing,Top Grossing Android Apps,net.peakgames.toonblast,54
2026-07-24T05:37:49.941379+00:00,2026-07-22,SG,android,topgrossing,Top Grossing Android Apps,com.firsttouchgames.dls7,55
2026-07-24T05:37:49.941379+00:00,2026-07-22,SG,android,topgrossing,Top Grossing Android Apps,com.a3.topgirl.gplay,56
2026-07-24T05:37:49.941379+00:00,2026-07-22,SG,android,topgrossing,Top Grossing Android Apps,com.igs.fafafa,57
2026-07-24T05:37:49.941379+00:00,2026-07-22,SG,android,topgrossing,Top Grossing Android Apps,com.pockethaven.roguelegend,58
2026-07-24T05:37:49.941379+00:00,2026-07-22,SG,android,topgrossing,Top Grossing Android Apps,com.nexon.maplem.global,59
2026-07-24T05:37:49.941379+00:00,2026-07-22,SG,android,topgrossing,Top Grossing Android Apps,com.supercell.brawlstars,60
2026-07-24T05:37:49.941379+00:00,2026-07-22,SG,android,topgrossing,Top Grossing Android Apps,com.global.tmslg,61
2026-07-24T05:37:49.941379+00:00,2026-07-22,SG,android,topgrossing,Top Grossing Android Apps,com.renegadeImmortal.and,62
2026-07-24T05:37:49.941379+00:00,2026-07-22,SG,android,topgrossing,Top Grossing Android Apps,com.gryphline.endfield.gp,63
2026-07-24T05:37:49.941379+00:00,2026-07-22,SG,android,topgrossing,Top Grossing Android Apps,com.gtarcade.ioe.global,64
2026-07-24T05:37:49.941379+00:00,2026-07-22,SG,android,topgrossing,Top Grossing Android Apps,com.haoplay.game.and.exilium,65
2026-07-24T05:37:49.941379+00:00,2026-07-22,SG,android,topgrossing,Top Grossing Android Apps,com.blizzard.diablo.immortal,66
2026-07-24T05:37:49.941379+00:00,2026-07-22,SG,android,topgrossing,Top Grossing Android Apps,com.hollywood.merge,67
2026-07-24T05:37:49.941379+00:00,2026-07-22,SG,android,topgrossing,Top Grossing Android Apps,com.gamedots.seasideescape,68
2026-07-24T05:37:49.941379+00:00,2026-07-22,SG,android,topgrossing,Top Grossing Android Apps,com.king.candycrushsodasaga,69
2026-07-24T05:37:49.941379+00:00,2026-07-22,SG,android,topgrossing,Top Grossing Android Apps,com.cedargames.mysterytown,70
2026-07-24T05:37:49.941379+00:00,2026-07-22,SG,android,topgrossing,Top Grossing Android Apps,com.gear2.growslayer,71
2026-07-24T05:37:49.941379+00:00,2026-07-22,SG,android,topgrossing,Top Grossing Android Apps,com.stove.epic7.google,72
2026-07-24T05:37:49.941379+00:00,2026-07-22,SG,android,topgrossing,Top Grossing Android Apps,jp.konami.wecc,73
2026-07-24T05:37:49.941379+00:00,2026-07-22,SG,android,topgrossing,Top Grossing Android Apps,com.lilithgame.roc.gp,74
2026-07-24T05:37:49.941379+00:00,2026-07-22,SG,android,topgrossing,Top Grossing Android Apps,com.topgamesinc.evony,75
2026-07-24T05:37:49.941379+00:00,2026-07-22,SG,android,topgrossing,Top Grossing Android Apps,com.supercell.clashroyale,76
2026-07-24T05:37:49.941379+00:00,2026-07-22,SG,android,topgrossing,Top Grossing Android Apps,com.screenshake.dominodreams,77
2026-07-24T05:37:49.941379+00:00,2026-07-22,SG,android,topgrossing,Top Grossing Android Apps,com.netease.yysls,78
2026-07-24T05:37:49.941379+00:00,2026-07-22,SG,android,topgrossing,Top Grossing Android Apps,com.igs.mjstar31,79
2026-07-24T05:37:49.941379+00:00,2026-07-22,SG,android,topgrossing,Top Grossing Android Apps,com.bingo.cruise.free.best.top.game,80
2026-07-24T05:37:49.941379+00:00,2026-07-22,SG,android,topgrossing,Top Grossing Android Apps,com.hg.tlbb2my.gl,81
2026-07-24T05:37:49.941379+00:00,2026-07-22,SG,android,topgrossing,Top Grossing Android Apps,com.ballytechnologies.f88,82
2026-07-24T05:37:49.941379+00:00,2026-07-22,SG,android,topgrossing,Top Grossing Android Apps,com.ddup.zombiewaves.zw,83
2026-07-24T05:37:49.941379+00:00,2026-07-22,SG,android,topgrossing,Top Grossing Android Apps,com.papegames.lysk.en,84
2026-07-24T05:37:49.941379+00:00,2026-07-22,SG,android,topgrossing,Top Grossing Android Apps,slots.pcg.casino.games.free.android,85
2026-07-24T05:37:49.941379+00:00,2026-07-22,SG,android,topgrossing,Top Grossing Android Apps,com.smallgiantgames.empires,86
2026-07-24T05:37:49.941379+00:00,2026-07-22,SG,android,topgrossing,Top Grossing Android Apps,com.moonactive.cmboard,87
2026-07-24T05:37:49.941379+00:00,2026-07-22,SG,android,topgrossing,Top Grossing Android Apps,com.whalejoy.horrorstory.gp,88
2026-07-24T05:37:49.941379+00:00,2026-07-22,SG,android,topgrossing,Top Grossing Android Apps,com.bailing.lark.roll.dev,89
2026-07-24T05:37:49.941379+00:00,2026-07-22,SG,android,topgrossing,Top Grossing Android Apps,com.zynga.livepoker,90
2026-07-24T05:37:49.941379+00:00,2026-07-22,SG,android,topgrossing,Top Grossing Android Apps,com.funfizz.palmon.gp,91
2026-07-24T05:37:49.941379+00:00,2026-07-22,SG,android,topgrossing,Top Grossing Android Apps,com.funplus.ts.global,92
2026-07-24T05:37:49.941379+00:00,2026-07-22,SG,android,topgrossing,Top Grossing Android Apps,com.igg.android.doomsdaylastsurvivors,93
2026-07-24T05:37:49.941379+00:00,2026-07-22,SG,android,topgrossing,Top Grossing Android Apps,com.wxdmxtw.android,94
2026-07-24T05:37:49.941379+00:00,2026-07-22,SG,android,topgrossing,Top Grossing Android Apps,com.superplaystudios.dicedreams,95
2026-07-24T05:37:49.941379+00:00,2026-07-22,SG,android,topgrossing,Top Grossing Android Apps,com.gametree.lhlr.gp,96
2026-07-24T05:37:49.941379+00:00,2026-07-22,SG,android,topgrossing,Top Grossing Android Apps,com.proximabeta.aoemobile,97
2026-07-24T05:37:49.941379+00:00,2026-07-22,SG,android,topgrossing,Top Grossing Android Apps,com.superplaystudios.disneysolitairedreams,98
2026-07-24T05:37:49.941379+00:00,2026-07-22,SG,android,topgrossing,Top Grossing Android Apps,com.bandainamcoent.dblegends_ww,99
2026-07-24T05:37:49.941379+00:00,2026-07-22,SG,android,topgrossing,Top Grossing Android Apps,com.bandainamcoent.gget_WW,100
2026-07-24T05:37:49.941379+00:00,2026-07-22,SG,android,topgrossing,Top Grossing Android Apps,adventure.party.real.life,101
2026-07-24T05:37:49.941379+00:00,2026-07-22,SG,android,topgrossing,Top Grossing Android Apps,com.productmadness.fafafagold,102
2026-07-24T05:37:49.941379+00:00,2026-07-22,SG,android,topgrossing,Top Grossing Android Apps,com.merge.cooking.theme.restaurant.food,103
2026-07-24T05:37:49.941379+00:00,2026-07-22,SG,android,topgrossing,Top Grossing Android Apps,com.global.pnck,104
2026-07-24T05:37:49.941379+00:00,2026-07-22,SG,android,topgrossing,Top Grossing Android Apps,com.nexters.herowars,105
2026-07-24T05:37:49.941379+00:00,2026-07-22,SG,android,topgrossing,Top Grossing Android Apps,com.productmadness.hovmobile,106
2026-07-24T05:37:49.941379+00:00,2026-07-22,SG,android,topgrossing,Top Grossing Android Apps,com.dena.a12026418,107
2026-07-24T05:37:49.941379+00:00,2026-07-22,SG,android,topgrossing,Top Grossing Android Apps,com.igg.android.lordsmobile,108
2026-07-24T05:37:49.941379+00:00,2026-07-22,SG,android,topgrossing,Top Grossing Android Apps,com.v20.gptw,109
2026-07-24T05:37:49.941379+00:00,2026-07-22,SG,android,topgrossing,Top Grossing Android Apps,com.fiveminlab.overgeared.hero.backpack.merge,110
2026-07-24T05:37:49.941379+00:00,2026-07-22,SG,android,topgrossing,Top Grossing Android Apps,com.cygames.umamusume,111
2026-07-24T05:37:49.941379+00:00,2026-07-22,SG,android,topgrossing,Top Grossing Android Apps,jp.pokemon.pokemontcgp,112
2026-07-24T05:37:49.941379+00:00,2026-07-22,SG,android,topgrossing,Top Grossing Android Apps,com.pixonic.wwr,113
2026-07-24T05:37:49.941379+00:00,2026-07-22,SG,android,topgrossing,Top Grossing Android Apps,com.global.bytw.google,114
2026-07-24T05:37:49.941379+00:00,2026-07-22,SG,android,topgrossing,Top Grossing Android Apps,com.plarium.raidlegends,115
2026-07-24T05:37:49.941379+00:00,2026-07-22,SG,android,topgrossing,Top Grossing Android Apps,com.mhclxm.ynxmdq,116
2026-07-24T05:37:49.941379+00:00,2026-07-22,SG,android,topgrossing,Top Grossing Android Apps,com.xman.sea.gp,117
2026-07-24T05:37:49.941379+00:00,2026-07-22,SG,android,topgrossing,Top Grossing Android Apps,com.kamagames.pokerist,118
2026-07-24T05:37:49.941379+00:00,2026-07-22,SG,android,topgrossing,Top Grossing Android Apps,com.ratinghope.gplay,119
2026-07-24T05:37:49.941379+00:00,2026-07-22,SG,android,topgrossing,Top Grossing Android Apps,com.yottagames.mafiawar,120
2026-07-24T05:37:49.941379+00:00,2026-07-22,SG,android,topgrossing,Top Grossing Android Apps,com.miHoYo.tot.glb,121
2026-07-24T05:37:49.941379+00:00,2026-07-22,SG,android,topgrossing,Top Grossing Android Apps,com.samkokoath.gp,122
2026-07-24T05:37:49.941379+00:00,2026-07-22,SG,android,topgrossing,Top Grossing Android Apps,com.byxjy.cxx.hw,123
2026-07-24T05:37:49.941379+00:00,2026-07-22,SG,android,topgrossing,Top Grossing Android Apps,com.nianticlabs.monsterhunter,124
2026-07-24T05:37:49.941379+00:00,2026-07-22,SG,android,topgrossing,Top Grossing Android Apps,com.supercell.hayday,125
2026-07-24T05:37:49.941379+00:00,2026-07-22,SG,android,topgrossing,Top Grossing Android Apps,com.szckhd.jwgly.azjianti,126
2026-07-24T05:37:49.941379+00:00,2026-07-22,SG,android,topgrossing,Top Grossing Android Apps,com.bgg.jump,127
2026-07-24T05:37:49.941379+00:00,2026-07-22,SG,android,topgrossing,Top Grossing Android Apps,com.gtyyjlfz.az,128
2026-07-24T05:37:49.941379+00:00,2026-07-22,SG,android,topgrossing,Top Grossing Android Apps,com.yzlm.tw.and,129
2026-07-24T05:37:49.941379+00:00,2026-07-22,SG,android,topgrossing,Top Grossing Android Apps,com.arcgames.rhinoceros,130
2026-07-24T05:37:49.941379+00:00,2026-07-22,SG,android,topgrossing,Top Grossing Android Apps,com.grandgames.magicsort,131
2026-07-24T05:37:49.941379+00:00,2026-07-22,SG,android,topgrossing,Top Grossing Android Apps,com.jmsgame.jackpotmastercasino,132
2026-07-24T05:37:49.941379+00:00,2026-07-22,SG,android,topgrossing,Top Grossing Android Apps,com.gravity.rooc.android,133
2026-07-24T05:37:49.941379+00:00,2026-07-22,SG,android,topgrossing,Top Grossing Android Apps,com.YoStarEN.AzurLane,134
2026-07-24T05:37:49.941379+00:00,2026-07-22,SG,android,topgrossing,Top Grossing Android Apps,com.blueplanetm.gp,135
2026-07-24T05:37:49.941379+00:00,2026-07-22,SG,android,topgrossing,Top Grossing Android Apps,com.topwar.gp,136
2026-07-24T05:37:49.941379+00:00,2026-07-22,SG,android,topgrossing,Top Grossing Android Apps,com.funtomic.matchmasters,137
2026-07-24T05:37:49.941379+00:00,2026-07-22,SG,android,topgrossing,Top Grossing Android Apps,com.ponesea.gp,138
2026-07-24T05:37:49.941379+00:00,2026-07-22,SG,android,topgrossing,Top Grossing Android Apps,com.m88.idleXX,139
2026-07-24T05:37:49.941379+00:00,2026-07-22,SG,android,topgrossing,Top Grossing Android Apps,com.duige.hzw.multilingual,140
2026-07-24T05:37:49.941379+00:00,2026-07-22,SG,android,topgrossing,Top Grossing Android Apps,com.xq.archeroii,141
2026-07-24T05:37:49.941379+00:00,2026-07-22,SG,android,topgrossing,Top Grossing Android Apps,com.xd.TLglobal,142
2026-07-24T05:37:49.941379+00:00,2026-07-22,SG,android,topgrossing,Top Grossing Android Apps,com.tgc.sky.android,143
2026-07-24T05:37:49.941379+00:00,2026-07-22,SG,android,topgrossing,Top Grossing Android Apps,com.qookkagame.sgzzlb.gp.sea,144
2026-07-24T05:37:49.941379+00:00,2026-07-22,SG,android,topgrossing,Top Grossing Android Apps,com.pacificinteractive.HouseOfFun,145
2026-07-24T05:37:49.941379+00:00,2026-07-22,SG,android,topgrossing,Top Grossing Android Apps,com.GF.palacem5uscn.hwyad.google,146
2026-07-24T05:37:49.941379+00:00,2026-07-22,SG,android,topgrossing,Top Grossing Android Apps,com.camelgames.superking,147
2026-07-24T05:37:49.941379+00:00,2026-07-22,SG,android,topgrossing,Top Grossing Android Apps,com.gear2.letsgolegends,148
2026-07-24T05:37:49.941379+00:00,2026-07-22,SG,android,topgrossing,Top Grossing Android Apps,com.kingsgroup.sos,149
2026-07-24T05:37:49.941379+00:00,2026-07-22,SG,android,topgrossing,Top Grossing Android Apps,com.homagames.studio.allinhole,150
2026-07-24T05:37:49.941379+00:00,2026-07-22,SG,android,topgrossing,Top Grossing Android Apps,com.cooking.bingo.ldkwh,151
2026-07-24T05:37:49.941379+00:00,2026-07-22,SG,android,topgrossing,Top Grossing Android Apps,com.szckhd.jwgly.azyw,152
2026-07-24T05:37:49.941379+00:00,2026-07-22,SG,android,topgrossing,Top Grossing Android Apps,com.totalbattle,153
2026-07-24T05:37:49.941379+00:00,2026-07-22,SG,android,topgrossing,Top Grossing Android Apps,com.diamondlife.slots.vegas.free,154
2026-07-24T05:37:49.941379+00:00,2026-07-22,SG,android,topgrossing,Top Grossing Android Apps,com.netease.dfjssea,155
2026-07-24T05:37:49.941379+00:00,2026-07-22,SG,android,topgrossing,Top Grossing Android Apps,com.epicoro.castleclashers,156
2026-07-24T05:37:49.941379+00:00,2026-07-22,SG,android,topgrossing,Top Grossing Android Apps,com.riotgames.league.wildrift,157
2026-07-24T05:37:49.941379+00:00,2026-07-22,SG,android,topgrossing,Top Grossing Android Apps,com.im30.ROE.gp,158
2026-07-24T05:37:49.941379+00:00,2026-07-22,SG,android,topgrossing,Top Grossing Android Apps,com.huuuge.casino.slots,159
2026-07-24T05:37:49.941379+00:00,2026-07-22,SG,android,topgrossing,Top Grossing Android Apps,com.legendwx.gp,160
2026-07-24T05:37:49.941379+00:00,2026-07-22,SG,android,topgrossing,Top Grossing Android Apps,com.games.foundation,161
2026-07-24T05:37:49.941379+00:00,2026-07-22,SG,android,topgrossing,Top Grossing Android Apps,com.jinjinjin777sg.tapirus,162
2026-07-24T05:37:49.941379+00:00,2026-07-22,SG,android,topgrossing,Top Grossing Android Apps,com.newtypegames.dl2hmt,163
2026-07-24T05:37:49.941379+00:00,2026-07-22,SG,android,topgrossing,Top Grossing Android Apps,com.HoYoverse.Nap,164
2026-07-24T05:37:49.941379+00:00,2026-07-22,SG,android,topgrossing,Top Grossing Android Apps,com.heyyogame.gd,165
2026-07-24T05:37:49.941379+00:00,2026-07-22,SG,android,topgrossing,Top Grossing Android Apps,com.hottagames.nte,166
2026-07-24T05:37:49.941379+00:00,2026-07-22,SG,android,topgrossing,Top Grossing Android Apps,com.productmadness.cashmancasino,167
2026-07-24T05:37:49.941379+00:00,2026-07-22,SG,android,topgrossing,Top Grossing Android Apps,com.jellybtn.cashkingmobile,168
2026-07-24T05:37:49.941379+00:00,2026-07-22,SG,android,topgrossing,Top Grossing Android Apps,com.madhead.tos.zh,169
2026-07-24T05:37:49.941379+00:00,2026-07-22,SG,android,topgrossing,Top Grossing Android Apps,com.bladetw.bd,170
2026-07-24T05:37:49.941379+00:00,2026-07-22,SG,android,topgrossing,Top Grossing Android Apps,com.star.union.planetant,171
2026-07-24T05:37:49.941379+00:00,2026-07-22,SG,android,topgrossing,Top Grossing Android Apps,com.minigame.wszj.android.gp,172
2026-07-24T05:37:49.941379+00:00,2026-07-22,SG,android,topgrossing,Top Grossing Android Apps,com.larvoo.majhong_tw.wushang,173
2026-07-24T05:37:49.941379+00:00,2026-07-22,SG,android,topgrossing,Top Grossing Android Apps,leyi.cowboyclash3,174
2026-07-24T05:37:49.941379+00:00,2026-07-22,SG,android,topgrossing,Top Grossing Android Apps,com.garena.game.df,175
2026-07-24T05:37:49.941379+00:00,2026-07-22,SG,android,topgrossing,Top Grossing Android Apps,com.mojang.minecraftpe,176
2026-07-24T05:37:49.941379+00:00,2026-07-22,SG,android,topgrossing,Top Grossing Android Apps,com.rc.cityCleaner,177
2026-07-24T05:37:49.941379+00:00,2026-07-22,SG,android,topgrossing,Top Grossing Android Apps,com.MelsoftGames.FamilyIslandFarm,178
2026-07-24T05:37:49.941379+00:00,2026-07-22,SG,android,topgrossing,Top Grossing Android Apps,com.unicornstudio.cashparty.slots.casino.vegas.free,179
2026-07-24T05:37:49.941379+00:00,2026-07-22,SG,android,topgrossing,Top Grossing Android Apps,com.ProjectMoon.LimbusCompany,180
2026-07-24T05:37:49.941379+00:00,2026-07-22,SG,android,topgrossing,Top Grossing Android Apps,com.netmarble.rfnext,181
2026-07-24T05:37:49.941379+00:00,2026-07-22,SG,android,topgrossing,Top Grossing Android Apps,com.proximabeta.mf.uamo,182
2026-07-24T05:37:49.941379+00:00,2026-07-22,SG,android,topgrossing,Top Grossing Android Apps,com.infoldgames.infinitynikkien,183
2026-07-24T05:37:49.941379+00:00,2026-07-22,SG,android,topgrossing,Top Grossing Android Apps,com.microdose.balljam,184
2026-07-24T05:37:49.941379+00:00,2026-07-22,SG,android,topgrossing,Top Grossing Android Apps,com.merge.game.foodstars,185
2026-07-24T05:37:49.941379+00:00,2026-07-22,SG,android,topgrossing,Top Grossing Android Apps,com.ggv.rogames.sea,186
2026-07-24T05:37:49.941379+00:00,2026-07-22,SG,android,topgrossing,Top Grossing Android Apps,com.selfawaregames.acecasino,187
2026-07-24T05:37:49.941379+00:00,2026-07-22,SG,android,topgrossing,Top Grossing Android Apps,com.ballytechnologies.quickhitslots,188
2026-07-24T05:37:49.941379+00:00,2026-07-22,SG,android,topgrossing,Top Grossing Android Apps,com.joycastle.mergematch,189
2026-07-24T05:37:49.941379+00:00,2026-07-22,SG,android,topgrossing,Top Grossing Android Apps,com.farlightgames.samo.gp,190
2026-07-24T05:37:49.941379+00:00,2026-07-22,SG,android,topgrossing,Top Grossing Android Apps,com.newai.ooc,191
2026-07-24T05:37:49.941379+00:00,2026-07-22,SG,android,topgrossing,Top Grossing Android Apps,com.habby.capybara,192
2026-07-24T05:37:49.941379+00:00,2026-07-22,SG,android,topgrossing,Top Grossing Android Apps,jp.pokemon.pokemonchampions,193
2026-07-24T05:37:49.941379+00:00,2026-07-22,SG,android,topgrossing,Top Grossing Android Apps,net.peakgames.match,194
2026-07-24T05:37:49.941379+00:00,2026-07-22,SG,android,topgrossing,Top Grossing Android Apps,com.svsg.jdxy,195
2026-07-24T05:37:49.941379+00:00,2026-07-22,SG,android,topgrossing,Top Grossing Android Apps,com.blancozone.dlssr.gp,196
2026-07-24T05:37:49.941379+00:00,2026-07-22,SG,android,topgrossing,Top Grossing Android Apps,com.topultragame.slotlasvega,197
2026-07-24T05:37:49.941379+00:00,2026-07-22,SG,android,topgrossing,Top Grossing Android Apps,com.percent.aos.cooptd,198
2026-07-24T05:37:49.941379+00:00,2026-07-22,SG,android,topgrossing,Top Grossing Android Apps,com.sxkj.lmfb,199
2026-07-24T05:37:49.941379+00:00,2026-07-22,SG,android,topgrossing,Top Grossing Android Apps,com.blizzard.wtcg.hearthstone,200
2026-07-24T05:37:49.941379+00:00,2026-07-22,SG,android,topgrossing,Top Grossing Android Apps,com.billionairegames.serares,201
2026-07-24T05:37:49.941379+00:00,2026-07-22,SG,android,topgrossing,Top Grossing Android Apps,com.bandainamcogames.dbzdokkanww,202
2026-07-24T05:37:49.941379+00:00,2026-07-22,SG,android,topgrossing,Top Grossing Android Apps,com.global.ztmslg,203
2026-07-24T05:37:49.941379+00:00,2026-07-22,SG,android,topgrossing,Top Grossing Android Apps,com.salahuna.timeline,204
2026-07-24T05:37:49.941379+00:00,2026-07-22,SG,android,topgrossing,Top Grossing Android Apps,com.davidhome.madbirdscrushvl,205
2026-07-24T05:37:49.941379+00:00,2026-07-22,SG,android,topgrossing,Top Grossing Android Apps,com.zlongame.sea.mhmnz,206
2026-07-24T05:37:49.941379+00:00,2026-07-22,SG,android,topgrossing,Top Grossing Android Apps,com.more.dayzsurvival.gp,207
2026-07-24T05:37:49.941379+00:00,2026-07-22,SG,android,topgrossing,Top Grossing Android Apps,com.sugargame.mjlj.gp,208
2026-07-24T05:37:49.941379+00:00,2026-07-22,SG,android,topgrossing,Top Grossing Android Apps,com.zilliongames.collectionidle,209
2026-07-24T05:37:49.941379+00:00,2026-07-22,SG,android,topgrossing,Top Grossing Android Apps,com.rocket.holeit,210
2026-07-24T05:37:49.941379+00:00,2026-07-22,SG,android,topgrossing,Top Grossing Android Apps,com.wemadeconnect.aos.lostdgl,211
2026-07-24T05:37:49.941379+00:00,2026-07-22,SG,android,topgrossing,Top Grossing Android Apps,com.innplaylabs.animalkingdomraid,212
2026-07-24T05:37:49.941379+00:00,2026-07-22,SG,android,topgrossing,Top Grossing Android Apps,net.peakgames.amy,213
2026-07-24T05:37:49.941379+00:00,2026-07-22,SG,android,topgrossing,Top Grossing Android Apps,com.tailed.shinobi,214
2026-07-24T05:37:49.941379+00:00,2026-07-22,SG,android,topgrossing,Top Grossing Android Apps,com.chuanglian.sgfml,215
2026-07-24T05:37:49.941379+00:00,2026-07-22,SG,android,topgrossing,Top Grossing Android Apps,com.nianticlabs.pikmin,216
2026-07-24T05:37:49.941379+00:00,2026-07-22,SG,android,topgrossing,Top Grossing Android Apps,com.wondergames.warpath.gp,217
2026-07-24T05:37:49.941379+00:00,2026-07-22,SG,android,topgrossing,Top Grossing Android Apps,com.plarium.mechlegion,218
2026-07-24T05:37:49.941379+00:00,2026-07-22,SG,android,topgrossing,Top Grossing Android Apps,net.supertreat.solitaire,219
2026-07-24T05:37:49.941379+00:00,2026-07-22,SG,android,topgrossing,Top Grossing Android Apps,com.solitairetripeaks.masterdesign,220
2026-07-24T05:37:49.941379+00:00,2026-07-22,SG,android,topgrossing,Top Grossing Android Apps,com.monopoly.dream.idle.king,221
2026-07-24T05:37:49.941379+00:00,2026-07-22,SG,android,topgrossing,Top Grossing Android Apps,com.com2usholdings.starsailors.android.google.global.normal,222
2026-07-24T05:37:49.941379+00:00,2026-07-22,SG,android,topgrossing,Top Grossing Android Apps,com.cyberjoy.galaxydefense,223
2026-07-24T05:37:49.941379+00:00,2026-07-22,SG,android,topgrossing,Top Grossing Android Apps,com.neowizgames.game.browndust2,224
2026-07-24T05:37:49.941379+00:00,2026-07-22,SG,android,topgrossing,Top Grossing Android Apps,com.lmdgame.kuroko.sea,225
2026-07-24T05:37:49.941379+00:00,2026-07-22,SG,android,topgrossing,Top Grossing Android Apps,com.cloudary.sg.doupo,226
2026-07-24T05:37:49.941379+00:00,2026-07-22,SG,android,topgrossing,Top Grossing Android Apps,com.wsy.google.wansuiye.en,227
2026-07-24T05:37:49.941379+00:00,2026-07-22,SG,android,topgrossing,Top Grossing Android Apps,com.gf.p2pglgl.hwyad.google,228
2026-07-24T05:37:49.941379+00:00,2026-07-22,SG,android,topgrossing,Top Grossing Android Apps,com.chess,229
2026-07-24T05:37:49.941379+00:00,2026-07-22,SG,android,topgrossing,Top Grossing Android Apps,com.szckhd.jwgly.azfanti,230
2026-07-24T05:37:49.941379+00:00,2026-07-22,SG,android,topgrossing,Top Grossing Android Apps,com.nineyou.lmmjyqw,231
2026-07-24T05:37:49.941379+00:00,2026-07-22,SG,android,topgrossing,Top Grossing Android Apps,com.percent.aos.luckydefense,232
2026-07-24T05:37:49.941379+00:00,2026-07-22,SG,android,topgrossing,Top Grossing Android Apps,com.bigfishgames.jackpotcityslotsf2pgoogle,233
2026-07-24T05:37:49.941379+00:00,2026-07-22,SG,android,topgrossing,Top Grossing Android Apps,com.sy.wgll.google,234
2026-07-24T05:37:49.941379+00:00,2026-07-22,SG,android,topgrossing,Top Grossing Android Apps,com.ig.screwdom,235
2026-07-24T05:37:49.941379+00:00,2026-07-22,SG,android,topgrossing,Top Grossing Android Apps,com.foxnextgames.m3,236
2026-07-24T05:37:49.941379+00:00,2026-07-22,SG,android,topgrossing,Top Grossing Android Apps,com.fox.jstwgp,237
2026-07-24T05:37:49.941379+00:00,2026-07-22,SG,android,topgrossing,Top Grossing Android Apps,com.slg.savagesurvival,238
2026-07-24T05:37:49.941379+00:00,2026-07-22,SG,android,topgrossing,Top Grossing Android Apps,com.smilegate.chaoszero.stove.google,239
2026-07-24T05:37:49.941379+00:00,2026-07-22,SG,android,topgrossing,Top Grossing Android Apps,com.loomgames.pixelflow,240
2026-07-24T05:37:49.941379+00:00,2026-07-22,SG,android,topgrossing,Top Grossing Android Apps,com.godgame.mj.android,241
2026-07-24T05:37:49.941379+00:00,2026-07-22,SG,android,topgrossing,Top Grossing Android Apps,aos.playpark.granadoespadam,242
2026-07-24T05:37:49.941379+00:00,2026-07-22,SG,android,topgrossing,Top Grossing Android Apps,com.netmarble.tskgb,243
2026-07-24T05:37:49.941379+00:00,2026-07-22,SG,android,topgrossing,Top Grossing Android Apps,air.com.buffalo_studios.newflashbingo,244
2026-07-24T05:37:49.941379+00:00,2026-07-22,SG,android,topgrossing,Top Grossing Android Apps,com.pocketchamps.game,245
2026-07-24T05:37:49.941379+00:00,2026-07-22,SG,android,topgrossing,Top Grossing Android Apps,com.hcg.cok.gp,246
2026-07-24T05:37:49.941379+00:00,2026-07-22,SG,android,topgrossing,Top Grossing Android Apps,com.netmarble.mherosgb,247
2026-07-24T05:37:49.941379+00:00,2026-07-22,SG,android,topgrossing,Top Grossing Android Apps,com.camelgames.aoz,248
2026-07-24T05:37:49.941379+00:00,2026-07-22,SG,android,topgrossing,Top Grossing Android Apps,com.rovio.dream,249
2026-07-24T05:37:49.941379+00:00,2026-07-22,SG,android,topgrossing,Top Grossing Android Apps,vng.games.lightandnight,250
2026-07-24T05:37:49.941379+00:00,2026-07-22,SG,android,topgrossing,Top Grossing Android Apps,defense.roguelike.cell.shoot.survivor,251
2026-07-24T05:37:49.941379+00:00,2026-07-22,SG,android,topgrossing,Top Grossing Android Apps,net.wooga.junes_journey_hidden_object_mystery_game,252
2026-07-24T05:37:49.941379+00:00,2026-07-22,SG,android,topgrossing,Top Grossing Android Apps,xyz.lightgame.tuantuan,253
2026-07-24T05:37:49.941379+00:00,2026-07-22,SG,android,topgrossing,Top Grossing Android Apps,jp.pokemon.pokemonsleep,254
2026-07-24T05:37:49.941379+00:00,2026-07-22,SG,android,topgrossing,Top Grossing Android Apps,zps.game.pusoy.cn,255
2026-07-24T05:37:49.941379+00:00,2026-07-22,SG,android,topgrossing,Top Grossing Android Apps,com.yottagames.gameofmafia,256
2026-07-24T05:37:49.941379+00:00,2026-07-22,SG,android,topgrossing,Top Grossing Android Apps,com.miniclip.eightballpool,257
2026-07-24T05:37:49.941379+00:00,2026-07-22,SG,android,topgrossing,Top Grossing Android Apps,com.goodjobgames.matchvillains,258
2026-07-24T05:37:49.941379+00:00,2026-07-22,SG,android,topgrossing,Top Grossing Android Apps,com.hybeim.puzzle17,259
2026-07-24T05:37:49.941379+00:00,2026-07-22,SG,android,topgrossing,Top Grossing Android Apps,com.rastargames.zdwjsea,260
2026-07-24T05:37:49.941379+00:00,2026-07-22,SG,android,topgrossing,Top Grossing Android Apps,com.funity.soullandglobal,261
2026-07-24T05:37:49.941379+00:00,2026-07-22,SG,android,topgrossing,Top Grossing Android Apps,com.netmarble.sololv,262
2026-07-24T05:37:49.941379+00:00,2026-07-22,SG,android,topgrossing,Top Grossing Android Apps,jp.goodsmile.grandsummonersglobal_android,263
2026-07-24T05:37:49.941379+00:00,2026-07-22,SG,android,topgrossing,Top Grossing Android Apps,twgame.global.acers,264
2026-07-24T05:37:49.941379+00:00,2026-07-22,SG,android,topgrossing,Top Grossing Android Apps,com.fungames.battletanksbeta,265
2026-07-24T05:37:49.941379+00:00,2026-07-22,SG,android,topgrossing,Top Grossing Android Apps,com.nexon.bluearchive,266
2026-07-24T05:37:49.941379+00:00,2026-07-22,SG,android,topgrossing,Top Grossing Android Apps,com.vincentb.MobControl,267
2026-07-24T05:37:49.941379+00:00,2026-07-22,SG,android,topgrossing,Top Grossing Android Apps,com.devsisters.ck,268
2026-07-24T05:37:49.941379+00:00,2026-07-22,SG,android,topgrossing,Top Grossing Android Apps,com.GybeGames.ColorBlockJam,269
2026-07-24T05:37:49.941379+00:00,2026-07-22,SG,android,topgrossing,Top Grossing Android Apps,com.king.farmheroessaga,270
2026-07-24T05:37:49.941379+00:00,2026-07-22,SG,android,topgrossing,Top Grossing Android Apps,com.sgztfol.sgtf,271
2026-07-24T05:37:49.941379+00:00,2026-07-22,SG,android,topgrossing,Top Grossing Android Apps,com.hygame.ssfh.tw.gp,272
2026-07-24T05:37:49.941379+00:00,2026-07-22,SG,android,topgrossing,Top Grossing Android Apps,com.ludoogames.jxqy,273
2026-07-24T05:37:49.941379+00:00,2026-07-22,SG,android,topgrossing,Top Grossing Android Apps,com.dts.freefireth,274
2026-07-24T05:37:49.941379+00:00,2026-07-22,SG,android,topgrossing,Top Grossing Android Apps,com.tentree.gp.un.mecharashi,275
2026-07-24T05:37:49.941379+00:00,2026-07-22,SG,android,topgrossing,Top Grossing Android Apps,com.bluepoch.m.en.reverse1999,276
2026-07-24T05:37:49.941379+00:00,2026-07-22,SG,android,topgrossing,Top Grossing Android Apps,com.critical.strike2,277
2026-07-24T05:37:49.941379+00:00,2026-07-22,SG,android,topgrossing,Top Grossing Android Apps,com.highbrow.games.dvo,278
2026-07-24T05:37:49.941379+00:00,2026-07-22,SG,android,topgrossing,Top Grossing Android Apps,com.ludia.jurassicworld,279
2026-07-24T05:37:49.941379+00:00,2026-07-22,SG,android,topgrossing,Top Grossing Android Apps,com.everywear.game5,280
2026-07-24T05:37:49.941379+00:00,2026-07-22,SG,android,topgrossing,Top Grossing Android Apps,com.kingsgroup.dcdly,281
2026-07-24T05:37:49.941379+00:00,2026-07-22,SG,android,topgrossing,Top Grossing Android Apps,jp.pokemon.pokemonunite,282
2026-07-24T05:37:49.941379+00:00,2026-07-22,SG,android,topgrossing,Top Grossing Android Apps,com.wireless.defenseland,283
2026-07-24T05:37:49.941379+00:00,2026-07-22,SG,android,topgrossing,Top Grossing Android Apps,com.habby.archero,284
2026-07-24T05:37:49.941379+00:00,2026-07-22,SG,android,topgrossing,Top Grossing Android Apps,com.balls.gp.jt,285
2026-07-24T05:37:49.941379+00:00,2026-07-22,SG,android,topgrossing,Top Grossing Android Apps,com.namcobandaigames.spmoja010E,286
2026-07-24T05:37:49.941379+00:00,2026-07-22,SG,android,topgrossing,Top Grossing Android Apps,com.gm99.kd,287
2026-07-24T05:37:49.941379+00:00,2026-07-22,SG,android,topgrossing,Top Grossing Android Apps,com.netease.idv.googleplay,288
2026-07-24T05:37:49.941379+00:00,2026-07-22,SG,android,topgrossing,Top Grossing Android Apps,com.Knight.GrandQuest,289
2026-07-24T05:37:49.941379+00:00,2026-07-22,SG,android,topgrossing,Top Grossing Android Apps,com.congjie.gptw,290
2026-07-24T05:37:49.941379+00:00,2026-07-22,SG,android,topgrossing,Top Grossing Android Apps,com.dlw.seaen.google,291
2026-07-24T05:37:49.941379+00:00,2026-07-22,SG,android,topgrossing,Top Grossing Android Apps,com.tap4fun.brutalage_test,292
2026-07-24T05:37:49.941379+00:00,2026-07-22,SG,android,topgrossing,Top Grossing Android Apps,com.fatr.global,293
2026-07-24T05:37:49.941379+00:00,2026-07-22,SG,android,topgrossing,Top Grossing Android Apps,com.Garawell.LoopSort,294
2026-07-24T05:37:49.941379+00:00,2026-07-22,SG,android,topgrossing,Top Grossing Android Apps,com.dts.freefiremax,295
2026-07-24T05:37:49.941379+00:00,2026-07-22,SG,android,topgrossing,Top Grossing Android Apps,com.catdaddy.nba2km,296
2026-07-24T05:37:49.941379+00:00,2026-07-22,SG,android,topgrossing,Top Grossing Android Apps,com.farlightgames.warline.gp.global,297
2026-07-24T05:37:49.941379+00:00,2026-07-22,SG,android,topgrossing,Top Grossing Android Apps,com.duykanbakay.carconveyortransfer,298
2026-07-24T05:37:49.941379+00:00,2026-07-22,SG,android,topgrossing,Top Grossing Android Apps,com.master.triple3d.find,299
2026-07-24T05:37:49.941379+00:00,2026-07-22,SG,android,topgrossing,Top Grossing Android Apps,com.aniplex.resu,300
2026-07-24T05:37:49.941379+00:00,2026-07-22,SG,android,topgrossing,Top Grossing Android Apps,com.ygjszsea.google,301
2026-07-24T05:37:49.941379+00:00,2026-07-22,SG,android,topgrossing,Top Grossing Android Apps,com.hutchgames.formularacing,302
2026-07-24T05:37:49.941379+00:00,2026-07-22,SG,android,topgrossing,Top Grossing Android Apps,com.game.kingrush,303
2026-07-24T05:37:49.941379+00:00,2026-07-22,SG,android,topgrossing,Top Grossing Android Apps,com.lets.psan.hwft,304
2026-07-24T05:37:49.941379+00:00,2026-07-22,SG,android,topgrossing,Top Grossing Android Apps,com.kabam.marvelbattle,305
2026-07-24T05:37:49.941379+00:00,2026-07-22,SG,android,topgrossing,Top Grossing Android Apps,com.linkedfun.koc.tw,306
2026-07-24T05:37:49.941379+00:00,2026-07-22,SG,android,topgrossing,Top Grossing Android Apps,com.xh.wxlh.android,307
2026-07-24T05:37:49.941379+00:00,2026-07-22,SG,android,topgrossing,Top Grossing Android Apps,com.vm3.global,308
2026-07-24T05:37:49.941379+00:00,2026-07-22,SG,android,topgrossing,Top Grossing Android Apps,com.tocaboca.tocalifeworld,309
2026-07-24T05:37:49.941379+00:00,2026-07-22,SG,android,topgrossing,Top Grossing Android Apps,com.supercell.moco,310
2026-07-24T05:37:49.941379+00:00,2026-07-22,SG,android,topgrossing,Top Grossing Android Apps,com.sts.vision,311
2026-07-24T05:37:49.941379+00:00,2026-07-22,SG,android,topgrossing,Top Grossing Android Apps,com.play.merge.restyle,312
2026-07-24T05:37:49.941379+00:00,2026-07-22,SG,android,topgrossing,Top Grossing Android Apps,zombie.survival.craft.z,313
2026-07-24T05:37:49.941379+00:00,2026-07-22,SG,android,topgrossing,Top Grossing Android Apps,com.wonderpeople.megahitpoker.global,314
2026-07-24T05:37:49.941379+00:00,2026-07-22,SG,android,topgrossing,Top Grossing Android Apps,com.silkroad.mb,315
2026-07-24T05:37:49.941379+00:00,2026-07-22,SG,android,topgrossing,Top Grossing Android Apps,com.funplus.kingofavalon,316
2026-07-24T05:37:49.941379+00:00,2026-07-22,SG,android,topgrossing,Top Grossing Android Apps,com.mytona.cookingdiary.android,317
2026-07-24T05:37:49.941379+00:00,2026-07-22,SG,android,topgrossing,Top Grossing Android Apps,jp.co.drecom.wizardry.daphne,318
2026-07-24T05:37:49.941379+00:00,2026-07-22,SG,android,topgrossing,Top Grossing Android Apps,com.familygo.simgame,319
2026-07-24T05:37:49.941379+00:00,2026-07-22,SG,android,topgrossing,Top Grossing Android Apps,com.biglime.cookingmadness,320
2026-07-24T05:37:49.941379+00:00,2026-07-22,SG,android,topgrossing,Top Grossing Android Apps,air.com.bitrhymes.bingo,321
2026-07-24T05:37:49.941379+00:00,2026-07-22,SG,android,topgrossing,Top Grossing Android Apps,com.haoplay.game.gp.duck,322
2026-07-24T05:37:49.941379+00:00,2026-07-22,SG,android,topgrossing,Top Grossing Android Apps,com.nvsgames.pt,323
2026-07-24T05:37:49.941379+00:00,2026-07-22,SG,android,topgrossing,Top Grossing Android Apps,com.loadcomplete.minitales,324
2026-07-24T05:37:49.941379+00:00,2026-07-22,SG,android,topgrossing,Top Grossing Android Apps,com.mobilechess.gp,325
2026-07-24T05:37:49.941379+00:00,2026-07-22,SG,android,topgrossing,Top Grossing Android Apps,com.moonwalk.yunofarm,326
2026-07-24T05:37:49.941379+00:00,2026-07-22,SG,android,topgrossing,Top Grossing Android Apps,com.QuestLab.DraftWar,327
2026-07-24T05:37:49.941379+00:00,2026-07-22,SG,android,topgrossing,Top Grossing Android Apps,com.dxx.firenow,328
2026-07-24T05:37:49.941379+00:00,2026-07-22,SG,android,topgrossing,Top Grossing Android Apps,com.farlightgames.igame.gp,329
2026-07-24T05:37:49.941379+00:00,2026-07-22,SG,android,topgrossing,Top Grossing Android Apps,com.sega.ColorfulStage.en,330
2026-07-24T05:37:49.941379+00:00,2026-07-22,SG,android,topgrossing,Top Grossing Android Apps,com.jackpotfriends.slots,331
2026-07-24T05:37:49.941379+00:00,2026-07-22,SG,android,topgrossing,Top Grossing Android Apps,com.starring.prisonbreak,332
2026-07-24T05:37:49.941379+00:00,2026-07-22,SG,android,topgrossing,Top Grossing Android Apps,com.mob.crowd.arena.wars,333
2026-07-24T05:37:49.941379+00:00,2026-07-22,SG,android,topgrossing,Top Grossing Android Apps,com.olleyo.piggy.king.free,334
2026-07-24T05:37:49.941379+00:00,2026-07-22,SG,android,topgrossing,Top Grossing Android Apps,com.haegin.playtogether,335
2026-07-24T05:37:49.941379+00:00,2026-07-22,SG,android,topgrossing,Top Grossing Android Apps,com.fc.goods.sort.matching.puzzle.triplemaster,336
2026-07-24T05:37:49.941379+00:00,2026-07-22,SG,android,topgrossing,Top Grossing Android Apps,com.global.sea.slmmo,337
2026-07-24T05:37:49.941379+00:00,2026-07-22,SG,android,topgrossing,Top Grossing Android Apps,gen.tech.keiki.world.learning,338
2026-07-24T05:37:49.941379+00:00,2026-07-22,SG,android,topgrossing,Top Grossing Android Apps,com.qtz.game.jltx.Ggen,339
2026-07-24T05:37:49.941379+00:00,2026-07-22,SG,android,topgrossing,Top Grossing Android Apps,jp.co.ponos.battlecatstw,340
2026-07-24T05:37:49.941379+00:00,2026-07-22,SG,android,topgrossing,Top Grossing Android Apps,net.wargaming.wot.blitz,341
2026-07-24T05:37:49.941379+00:00,2026-07-22,SG,android,topgrossing,Top Grossing Android Apps,com.Zayra.Minea,342
2026-07-24T05:37:49.941379+00:00,2026-07-22,SG,android,topgrossing,Top Grossing Android Apps,com.bilibilihk.jujutsuphanparagp,343
2026-07-24T05:37:49.941379+00:00,2026-07-22,SG,android,topgrossing,Top Grossing Android Apps,com.ChillyRoom.DungeonShooter,344
2026-07-24T05:37:49.941379+00:00,2026-07-22,SG,android,topgrossing,Top Grossing Android Apps,com.hybeim.intheseom,345
2026-07-24T05:37:49.941379+00:00,2026-07-22,SG,android,topgrossing,Top Grossing Android Apps,com.matryoshka.royal.cooking.kitchen.madness,346
2026-07-24T05:37:49.941379+00:00,2026-07-22,SG,android,topgrossing,Top Grossing Android Apps,com.playdigious.dst,347
2026-07-24T05:37:49.941379+00:00,2026-07-22,SG,android,topgrossing,Top Grossing Android Apps,com.xsjqy.hzft.gp,348
2026-07-24T05:37:49.941379+00:00,2026-07-22,SG,android,topgrossing,Top Grossing Android Apps,com.elex.twdsaw.gp,349
2026-07-24T05:37:49.941379+00:00,2026-07-22,SG,android,topgrossing,Top Grossing Android Apps,com.su.kg3.gb,350
2026-07-24T05:37:49.941379+00:00,2026-07-22,SG,android,topgrossing,Top Grossing Android Apps,com.zingplay.tongits,351
2026-07-24T05:37:49.941379+00:00,2026-07-22,SG,android,topgrossing,Top Grossing Android Apps,com.matchington.mansion,352
2026-07-24T05:37:49.941379+00:00,2026-07-22,SG,android,topgrossing,Top Grossing Android Apps,jp.co.goodroid.hyper.busflow,353
2026-07-24T05:37:49.941379+00:00,2026-07-22,SG,android,topgrossing,Top Grossing Android Apps,com.mf.town,354
2026-07-24T05:37:49.941379+00:00,2026-07-22,SG,android,topgrossing,Top Grossing Android Apps,com.Migunani.Brilo,355
2026-07-24T05:37:49.941379+00:00,2026-07-22,SG,android,topgrossing,Top Grossing Android Apps,com.rovio.baba,356
2026-07-24T05:37:49.941379+00:00,2026-07-22,SG,android,topgrossing,Top Grossing Android Apps,com.netmarble.revolutionthm,357
2026-07-24T05:37:49.941379+00:00,2026-07-22,SG,android,topgrossing,Top Grossing Android Apps,com.tszz.gpsea,358
2026-07-24T05:37:49.941379+00:00,2026-07-22,SG,android,topgrossing,Top Grossing Android Apps,com.termggb.dongya,359
2026-07-24T05:37:49.941379+00:00,2026-07-22,SG,android,topgrossing,Top Grossing Android Apps,com.nordcurrent.flyingfever,360
2026-07-24T05:37:49.941379+00:00,2026-07-22,SG,android,topgrossing,Top Grossing Android Apps,com.actgames.HelloKittyMDS,361
2026-07-24T05:37:49.941379+00:00,2026-07-22,SG,android,topgrossing,Top Grossing Android Apps,com.actionfit.catmerge,362
2026-07-24T05:37:49.941379+00:00,2026-07-22,SG,android,topgrossing,Top Grossing Android Apps,com.gg.dlnzsk.vn,363
2026-07-24T05:37:49.941379+00:00,2026-07-22,SG,android,topgrossing,Top Grossing Android Apps,com.teenpatti.hd.gold,364
2026-07-24T05:37:49.941379+00:00,2026-07-22,SG,android,topgrossing,Top Grossing Android Apps,com.td.drr.gp,365
2026-07-24T05:37:49.941379+00:00,2026-07-22,SG,android,topgrossing,Top Grossing Android Apps,com.infiniplay.merge.fashion.romance.story,366
2026-07-24T05:37:49.941379+00:00,2026-07-22,SG,android,topgrossing,Top Grossing Android Apps,com.coalaa.itexaspro.cn,367
2026-07-24T05:37:49.941379+00:00,2026-07-22,SG,android,topgrossing,Top Grossing Android Apps,com.qcplay.snail.android.sea2,368
2026-07-24T05:37:49.941379+00:00,2026-07-22,SG,android,topgrossing,Top Grossing Android Apps,com.more2.superstar.gp,369
2026-07-24T05:37:49.941379+00:00,2026-07-22,SG,android,topgrossing,Top Grossing Android Apps,com.studio27.MelonPlayground,370
2026-07-24T05:37:49.941379+00:00,2026-07-22,SG,android,topgrossing,Top Grossing Android Apps,com.efun.jxqy.sm,371
2026-07-24T05:37:49.941379+00:00,2026-07-22,SG,android,topgrossing,Top Grossing Android Apps,com.nytimes.crossword,372
2026-07-24T05:37:49.941379+00:00,2026-07-22,SG,android,topgrossing,Top Grossing Android Apps,com.fmglobal.engg,373
2026-07-24T05:37:49.941379+00:00,2026-07-22,SG,android,topgrossing,Top Grossing Android Apps,com.ps.tlbb.sg,374
2026-07-24T05:37:49.941379+00:00,2026-07-22,SG,android,topgrossing,Top Grossing Android Apps,com.gf.palacem4glgl.hwyad.google,375
2026-07-24T05:37:49.941379+00:00,2026-07-22,SG,android,topgrossing,Top Grossing Android Apps,com.denachina.g60000001.android,376
2026-07-24T05:37:49.941379+00:00,2026-07-22,SG,android,topgrossing,Top Grossing Android Apps,com.goatgames.dhs.sgmyth.gp,377
2026-07-24T05:37:49.941379+00:00,2026-07-22,SG,android,topgrossing,Top Grossing Android Apps,com.zombieshere.sfgame,378
2026-07-24T05:37:49.941379+00:00,2026-07-22,SG,android,topgrossing,Top Grossing Android Apps,com.pwrd.zxhxb.sm,379
2026-07-24T05:37:49.941379+00:00,2026-07-22,SG,android,topgrossing,Top Grossing Android Apps,com.weyou.antempire,380
2026-07-24T05:37:49.941379+00:00,2026-07-22,SG,android,topgrossing,Top Grossing Android Apps,com.topjoy.tkw.hk,381
2026-07-24T05:37:49.941379+00:00,2026-07-22,SG,android,topgrossing,Top Grossing Android Apps,com.luwukmeliana.profileperfect,382
2026-07-24T05:37:49.941379+00:00,2026-07-22,SG,android,topgrossing,Top Grossing Android Apps,com.aus.dawangfa,383
2026-07-24T05:37:49.941379+00:00,2026-07-22,SG,android,topgrossing,Top Grossing Android Apps,com.hnsg.xjzz,384
2026-07-24T05:37:49.941379+00:00,2026-07-22,SG,android,topgrossing,Top Grossing Android Apps,com.cinemas.gat.google,385
2026-07-24T05:37:49.941379+00:00,2026-07-22,SG,android,topgrossing,Top Grossing Android Apps,com.ruotogames.pocketcrafter2,386
2026-07-24T05:37:49.941379+00:00,2026-07-22,SG,android,topgrossing,Top Grossing Android Apps,hero.claw.master,387
2026-07-24T05:37:49.941379+00:00,2026-07-22,SG,android,topgrossing,Top Grossing Android Apps,com.tg.sgzhd.gb,388
2026-07-24T05:37:49.941379+00:00,2026-07-22,SG,android,topgrossing,Top Grossing Android Apps,com.jhnxs.azxm,389
2026-07-24T05:37:49.941379+00:00,2026-07-22,SG,android,topgrossing,Top Grossing Android Apps,com.daimaoo.sengokubushidoen,390
2026-07-24T05:37:49.941379+00:00,2026-07-22,SG,android,topgrossing,Top Grossing Android Apps,com.qiqukan.app,391
2026-07-24T05:37:49.941379+00:00,2026-07-22,SG,android,topgrossing,Top Grossing Android Apps,com.gameone.mj,392
2026-07-24T05:37:49.941379+00:00,2026-07-22,SG,android,topgrossing,Top Grossing Android Apps,com.tech300.nonogram2,393
2026-07-24T05:37:49.941379+00:00,2026-07-22,SG,android,topgrossing,Top Grossing Android Apps,com.gzqd.goddess,394
2026-07-24T05:37:49.941379+00:00,2026-07-22,SG,android,topgrossing,Top Grossing Android Apps,com.buccaneer.ilde.xmta,395
2026-07-24T05:37:49.941379+00:00,2026-07-22,SG,android,topgrossing,Top Grossing Android Apps,com.qmxgdh.goo.kf,396
2026-07-24T05:37:49.941379+00:00,2026-07-22,SG,android,topgrossing,Top Grossing Android Apps,com.iyagames.cz,397
2026-07-24T05:37:49.941379+00:00,2026-07-22,SG,android,topgrossing,Top Grossing Android Apps,com.hiddenlake.cruise,398
2026-07-24T05:37:49.941379+00:00,2026-07-22,SG,android,topgrossing,Top Grossing Android Apps,com.t2cnsjsg.com,399
2026-07-24T05:37:49.941379+00:00,2026-07-22,SG,android,topgrossing,Top Grossing Android Apps,com.gamemiracle.iHorseRacing2,400
2026-07-24T05:37:49.941379+00:00,2026-07-22,SG,android,topgrossing,Top Grossing Android Apps,com.wordconnect.searchpuzzlevkl,401
2026-07-24T05:37:49.941379+00:00,2026-07-22,SG,android,topgrossing,Top Grossing Android Apps,com.guanghuan.bwtw,402
2026-07-24T05:37:49.941379+00:00,2026-07-22,SG,android,topgrossing,Top Grossing Android Apps,com.zps.president.glcn,403
2026-07-24T05:37:49.941379+00:00,2026-07-22,SG,android,topgrossing,Top Grossing Android Apps,com.mihua.sgzsj.android,404
2026-07-24T05:37:49.941379+00:00,2026-07-22,SG,android,topgrossing,Top Grossing Android Apps,com.xxyx.sea,405
2026-07-24T05:37:49.941379+00:00,2026-07-22,SG,android,topgrossing,Top Grossing Android Apps,com.lhzty.mrae,406
2026-07-24T05:37:49.941379+00:00,2026-07-22,SG,android,topgrossing,Top Grossing Android Apps,tw.com.taomee.gl.sgfhjts,407
2026-07-24T05:37:49.941379+00:00,2026-07-22,SG,android,topgrossing,Top Grossing Android Apps,com.woobest.crown.agat,408
2026-07-24T05:37:49.941379+00:00,2026-07-22,SG,android,topgrossing,Top Grossing Android Apps,com.hg.blossomtales,409
2026-07-24T05:37:49.941379+00:00,2026-07-22,SG,android,topgrossing,Top Grossing Android Apps,com.kaboom.BowBlitz,410
2026-07-24T05:37:49.941379+00:00,2026-07-22,SG,android,topgrossing,Top Grossing Android Apps,com.gacraze.dmsg,411
2026-07-24T05:37:49.941379+00:00,2026-07-22,SG,android,topgrossing,Top Grossing Android Apps,com.efun.wmsj,412
2026-07-24T05:37:49.941379+00:00,2026-07-22,SG,android,topgrossing,Top Grossing Android Apps,com.square_enix.android_googleplay.DragonQuestMonsters3ww,413
2026-07-24T05:37:49.941379+00:00,2026-07-22,SG,android,topgrossing,Top Grossing Android Apps,com.tohu.twigp,414
2026-07-24T05:37:49.941379+00:00,2026-07-22,SG,android,topgrossing,Top Grossing Android Apps,com.dream.sfgame,415
2026-07-24T05:37:49.941379+00:00,2026-07-22,SG,android,topgrossing,Top Grossing Android Apps,com.ddianle.lovedance.sgmy,416
2026-07-24T05:37:49.941379+00:00,2026-07-22,SG,android,topgrossing,Top Grossing Android Apps,ximi.and.wx4.w.gp,417
2026-07-24T05:37:49.941379+00:00,2026-07-22,SG,android,topgrossing,Top Grossing Android Apps,com.duoduo.games.read,418
2026-07-24T05:37:49.941379+00:00,2026-07-22,SG,android,topgrossing,Top Grossing Android Apps,com.MSNGlobalITSolutions.Niravel,419
2026-07-24T05:37:49.941379+00:00,2026-07-22,SG,android,topgrossing,Top Grossing Android Apps,com.msccg.tw,420
2026-07-24T05:37:49.941379+00:00,2026-07-22,SG,android,topgrossing,Top Grossing Android Apps,com.Cheritz.TheSsum.ForbiddenLab,421
2026-07-24T05:37:49.941379+00:00,2026-07-22,SG,android,topgrossing,Top Grossing Android Apps,com.square_enix.chaosrings3gp,422
2026-07-24T05:37:49.941379+00:00,2026-07-22,SG,android,topgrossing,Top Grossing Android Apps,com.homeexpress.agame,423
2026-07-24T05:37:49.941379+00:00,2026-07-22,SG,android,topgrossing,Top Grossing Android Apps,com.square_enix.android_googleplay.dq3_gp,424
2026-07-24T05:37:49.941379+00:00,2026-07-22,SG,android,topgrossing,Top Grossing Android Apps,com.GF.palacem2usen.hwyad.google,425
2026-07-24T05:37:49.941379+00:00,2026-07-22,SG,android,topgrossing,Top Grossing Android Apps,com.gf.hysnh5glgl.hwyad.google,426
2026-07-24T05:37:49.941379+00:00,2026-07-22,SG,android,topgrossing,Top Grossing Android Apps,com.dragoncasino.slots,427
2026-07-24T05:37:49.941379+00:00,2026-07-22,SG,android,topgrossing,Top Grossing Android Apps,com.stamp.solit,428
2026-07-24T05:37:49.941379+00:00,2026-07-22,SG,android,topgrossing,Top Grossing Android Apps,com.ewugfjk.leroghjfk,429
2026-07-24T05:37:49.941379+00:00,2026-07-22,SG,android,topgrossing,Top Grossing Android Apps,com.truck.extreme.offroad,430
2026-07-24T05:37:49.941379+00:00,2026-07-22,SG,android,topgrossing,Top Grossing Android Apps,com.liru.gp,431
2026-07-24T05:37:49.941379+00:00,2026-07-22,SG,android,topgrossing,Top Grossing Android Apps,com.sofish.soeasytile.gp,432
2026-07-24T05:37:49.941379+00:00,2026-07-22,SG,android,topgrossing,Top Grossing Android Apps,com.rastargames.zdwjgat,433
2026-07-24T05:37:49.941379+00:00,2026-07-22,SG,android,topgrossing,Top Grossing Android Apps,com.huoyugame.ryz,434
2026-07-24T05:37:49.941379+00:00,2026-07-22,SG,android,topgrossing,Top Grossing Android Apps,com.moyu.game,435
2026-07-24T05:37:49.941379+00:00,2026-07-22,SG,android,topgrossing,Top Grossing Android Apps,com.paintincolor.game,436
2026-07-24T05:37:49.941379+00:00,2026-07-22,SG,android,topgrossing,Top Grossing Android Apps,com.freespeedyturtle.spe.edyturtle.stream,437
2026-07-24T05:37:49.941379+00:00,2026-07-22,SG,android,topgrossing,Top Grossing Android Apps,com.tree.hybrid.routedefense,438
2026-07-24T05:37:49.941379+00:00,2026-07-22,SG,android,topgrossing,Top Grossing Android Apps,com.mfun.kovsea,439
2026-07-24T05:37:49.941379+00:00,2026-07-22,SG,android,topgrossing,Top Grossing Android Apps,com.sinyuee.kingwar.google,440
2026-07-24T05:37:49.941379+00:00,2026-07-22,SG,android,topgrossing,Top Grossing Android Apps,com.NDIEntertainment.ZodiacPathPairQuest,441
2026-07-24T05:37:49.941379+00:00,2026-07-22,SG,android,topgrossing,Top Grossing Android Apps,com.warriors.countryballs.fight,442
2026-07-24T05:37:49.941379+00:00,2026-07-22,SG,android,topgrossing,Top Grossing Android Apps,com.adnrody.luniva,443
2026-07-24T05:37:49.941379+00:00,2026-07-22,SG,android,topgrossing,Top Grossing Android Apps,com.fivexgames.shin.sg,444
2026-07-24T05:37:49.941379+00:00,2026-07-22,SG,android,topgrossing,Top Grossing Android Apps,com.wixot.drivequest,445
2026-07-24T05:37:49.941379+00:00,2026-07-22,SG,android,topgrossing,Top Grossing Android Apps,com.iccgame.silkroadonline.Androidsea,446
2026-07-24T05:37:49.941379+00:00,2026-07-22,SG,android,topgrossing,Top Grossing Android Apps,com.tresebrothers.games.battlefrontelite,447
2026-07-24T05:37:49.941379+00:00,2026-07-22,SG,android,topgrossing,Top Grossing Android Apps,after.dark.gaem,448
2026-07-24T05:37:49.941379+00:00,2026-07-22,SG,android,topgrossing,Top Grossing Android Apps,com.YouXin.SunnyPuppiesTW,449
2026-07-24T05:37:49.941379+00:00,2026-07-22,SG,android,topgrossing,Top Grossing Android Apps,com.and.my.rushdefense2,450
2026-07-24T05:37:49.941379+00:00,2026-07-22,SG,android,topgrossing,Top Grossing Android Apps,jp.co.asobism.VividKnight2,451
2026-07-24T05:37:49.941379+00:00,2026-07-22,SG,android,topgrossing,Top Grossing Android Apps,com.voxgames.beanbattle.princessrescue,452
2026-07-24T05:37:49.941379+00:00,2026-07-22,SG,android,topgrossing,Top Grossing Android Apps,com.babuyo.kungfu.and.ww,453
2026-07-24T05:37:49.941379+00:00,2026-07-22,SG,android,topgrossing,Top Grossing Android Apps,com.eryodsoft.android.cards.coinche.full,454
2026-07-24T05:37:49.941379+00:00,2026-07-22,SG,android,topgrossing,Top Grossing Android Apps,com.xtjqy.tcn.gp,455
2026-07-24T05:37:49.941379+00:00,2026-07-22,SG,android,topgrossing,Top Grossing Android Apps,com.chaosofmagic.charmcloud,456
2026-07-24T05:37:49.941379+00:00,2026-07-22,SG,android,topgrossing,Top Grossing Android Apps,com.immortals.tw,457
2026-07-24T05:37:49.941379+00:00,2026-07-22,SG,android,topgrossing,Top Grossing Android Apps,com.RachdTech.Zavoneli,458
2026-07-24T05:37:49.941379+00:00,2026-07-22,SG,android,topgrossing,Top Grossing Android Apps,com.somoga.lunar1android,459
2026-07-24T05:37:49.941379+00:00,2026-07-22,SG,android,topgrossing,Top Grossing Android Apps,de.brettspielwelt.funkenschlag,460
2026-07-24T05:37:49.941379+00:00,2026-07-22,SG,android,topgrossing,Top Grossing Android Apps,org.hostedgames.soulstonewar,461
2026-07-24T05:37:49.941379+00:00,2026-07-22,SG,android,topgrossing,Top Grossing Android Apps,com.lcfjjoy.gfsg,462
2026-07-24T05:37:49.941379+00:00,2026-07-22,SG,android,topgrossing,Top Grossing Android Apps,com.coffeestainstudios.goatsimulator.wasteofspace,463
2026-07-24T05:37:49.941379+00:00,2026-07-22,SG,android,topgrossing,Top Grossing Android Apps,top.e1y.lc,464
2026-07-24T05:37:49.941379+00:00,2026-07-22,SG,android,topgrossing,Top Grossing Android Apps,tw.txwy.and.snqx,465
2026-07-24T05:37:49.941379+00:00,2026-07-22,SG,android,topgrossing,Top Grossing Android Apps,com.blhx.google,466
2026-07-24T05:37:49.941379+00:00,2026-07-22,SG,android,topgrossing,Top Grossing Android Apps,com.MuditaGames.Barda,467
2026-07-24T05:37:49.941379+00:00,2026-07-22,SG,android,topgrossing,Top Grossing Android Apps,com.fsim.spaceshuttle2.android,468
2026-07-24T05:37:49.941379+00:00,2026-07-22,SG,android,topgrossing,Top Grossing Android Apps,com.TallTree.Mycelia,469
2026-07-24T05:37:49.941379+00:00,2026-07-22,SG,android,topgrossing,Top Grossing Android Apps,com.tkgblue.tkc,470
2026-07-24T05:37:49.941379+00:00,2026-07-22,SG,android,topgrossing,Top Grossing Android Apps,com.outerminds.pewdiepie,471
2026-07-24T05:37:49.941379+00:00,2026-07-22,SG,android,topgrossing,Top Grossing Android Apps,com.JoySparkGames.AgesofConflict,472
2026-07-24T05:37:49.941379+00:00,2026-07-22,SG,android,topgrossing,Top Grossing Android Apps,com.mangoprotocol.psychotic.agatha,473
2026-07-24T05:37:49.941379+00:00,2026-07-22,SG,android,topgrossing,Top Grossing Android Apps,org.hostedgames.divineascension,474
2026-07-24T05:37:49.941379+00:00,2026-07-22,SG,android,topgrossing,Top Grossing Android Apps,com.yamystudio.carpetcare,475
2026-07-24T05:37:49.941379+00:00,2026-07-22,SG,android,topgrossing,Top Grossing Android Apps,com.crunchyroll.gv.pikuniku.game,476
2026-07-24T05:37:49.941379+00:00,2026-07-22,SG,android,topgrossing,Top Grossing Android Apps,com.hongyue.android,477
2026-07-24T05:37:49.941379+00:00,2026-07-22,SG,android,topgrossing,Top Grossing Android Apps,com.Alper.Vohenn,478
2026-07-24T05:37:49.941379+00:00,2026-07-22,SG,android,topgrossing,Top Grossing Android Apps,com.cis.dragonclifff.googleplay,479
2026-07-24T05:37:49.941379+00:00,2026-07-22,SG,android,topgrossing,Top Grossing Android Apps,de.brettspielwelt.nextberlin,480
2026-07-24T05:37:49.941379+00:00,2026-07-22,SG,android,topgrossing,Top Grossing Android Apps,uk.co.bluezoo.numberblocks.numberblocksexplore,481
2026-07-24T05:37:49.941379+00:00,2026-07-22,SG,android,topgrossing,Top Grossing Android Apps,com.hamsterforce.DementiaFighter,482
2026-07-24T05:37:49.941379+00:00,2026-07-22,SG,android,topgrossing,Top Grossing Android Apps,com.thegyee.www,483
2026-07-24T05:37:49.941379+00:00,2026-07-22,SG,android,topgrossing,Top Grossing Android Apps,com.Surfing_Pools.Push,484
2026-07-24T05:37:49.941379+00:00,2026-07-22,SG,android,topgrossing,Top Grossing Android Apps,com.truc.emulator.gba.game.gbc,485
2026-07-24T05:37:49.941379+00:00,2026-07-22,SG,android,topgrossing,Top Grossing Android Apps,com.dmg.gold.rush.digger,486
2026-07-24T05:37:49.941379+00:00,2026-07-22,SG,android,topgrossing,Top Grossing Android Apps,mytown.stores,487
2026-07-24T05:37:49.941379+00:00,2026-07-22,SG,android,topgrossing,Top Grossing Android Apps,com.somniumgames.inked,488
2026-07-24T05:37:49.941379+00:00,2026-07-22,SG,android,topgrossing,Top Grossing Android Apps,com.gnik.xiangqi.pro,489
2026-07-24T05:37:49.941379+00:00,2026-07-22,SG,android,topgrossing,Top Grossing Android Apps,com.com2us.rheroes.android.google.global.normal,490
2026-07-24T05:37:49.941379+00:00,2026-07-22,SG,android,topgrossing,Top Grossing Android Apps,com.Lizardry.RefindSelf,491
2026-07-24T05:37:49.941379+00:00,2026-07-22,SG,android,topgrossing,Top Grossing Android Apps,com.crevasse.ecopowertowns,492
2026-07-24T05:37:49.941379+00:00,2026-07-22,SG,android,topgrossing,Top Grossing Android Apps,arcade.galaxy.idle,493
2026-07-24T05:37:49.941379+00:00,2026-07-22,SG,android,topgrossing,Top Grossing Android Apps,com.meeplecorp.kingdomino,494
2026-07-24T05:37:49.941379+00:00,2026-07-22,SG,android,topgrossing,Top Grossing Android Apps,com.laboladoapp.labo_christmas_train,495
2026-07-24T05:37:49.941379+00:00,2026-07-22,SG,android,topgrossing,Top Grossing Android Apps,com.bbc.heyduggeeexplorer,496
2026-07-24T05:37:49.941379+00:00,2026-07-22,SG,android,topgrossing,Top Grossing Android Apps,com.pauloondra.zeroorderstactics,497
2026-07-24T05:37:49.941379+00:00,2026-07-22,SG,android,topgrossing,Top Grossing Android Apps,com.kimeisoher.wrestlingmanagermobile26,498
2026-07-24T05:37:49.941379+00:00,2026-07-22,SG,android,topgrossing,Top Grossing Android Apps,com.ws.cpm,499
2026-07-24T05:37:49.941379+00:00,2026-07-22,SG,android,topgrossing,Top Grossing Android Apps,com.emulator.fpse64,500
2026-07-24T05:37:49.941379+00:00,2026-07-22,SG,android,topgrossing,Top Grossing Android Apps,com.gcyx.tbmj,501
2026-07-24T05:37:49.941379+00:00,2026-07-22,SG,android,topgrossing,Top Grossing Android Apps,de.brettspielwelt.themind,502
2026-07-24T05:37:49.941379+00:00,2026-07-22,SG,android,topgrossing,Top Grossing Android Apps,com.biblegamesproject.pro,503
2026-07-24T05:37:49.941379+00:00,2026-07-22,SG,android,topgrossing,Top Grossing Android Apps,com.maowan.fzsg,504
2026-07-24T05:37:49.941379+00:00,2026-07-22,SG,android,topgrossing,Top Grossing Android Apps,com.sg.android.gg,505
2026-07-24T05:37:49.941379+00:00,2026-07-22,SG,android,topgrossing,Top Grossing Android Apps,com.pid.abalonegame,506
2026-07-24T05:37:49.941379+00:00,2026-07-22,SG,android,topgrossing,Top Grossing Android Apps,com.tomsalrobi.tosava,507
2026-07-24T05:37:49.941379+00:00,2026-07-22,SG,android,topgrossing,Top Grossing Android Apps,net.myrepublic.pocketrocketadventure,508
2026-07-24T05:37:49.941379+00:00,2026-07-22,SG,android,topgrossing,Top Grossing Android Apps,com.mythicowl.hexologic,509
2026-07-24T05:37:49.941379+00:00,2026-07-22,SG,android,topgrossing,Top Grossing Android Apps,com.magicwach.rdefense,510
2026-07-24T05:37:49.941379+00:00,2026-07-22,SG,android,topgrossing,Top Grossing Android Apps,com.tisu.gcsgz,511
2026-07-24T05:37:49.941379+00:00,2026-07-22,SG,android,topgrossing,Top Grossing Android Apps,yio.tro.vodobanka_pro,512
2026-07-24T05:37:49.941379+00:00,2026-07-22,SG,android,topgrossing,Top Grossing Android Apps,world.anim8.app,513
2026-07-24T05:37:49.941379+00:00,2026-07-22,SG,android,topgrossing,Top Grossing Android Apps,com.letsgetviolent.purpdrank2,514
2026-07-24T05:37:49.941379+00:00,2026-07-22,SG,android,topgrossing,Top Grossing Android Apps,com.karthosia.game,515
2026-07-24T05:37:49.941379+00:00,2026-07-22,SG,android,topgrossing,Top Grossing Android Apps,net.odasoft.xtremechina,516
2026-07-24T05:37:49.941379+00:00,2026-07-22,SG,android,topgrossing,Top Grossing Android Apps,com.cottongame.MonsterFamily,517
2026-07-24T05:37:49.941379+00:00,2026-07-22,SG,android,topgrossing,Top Grossing Android Apps,com.hcplay.BloodWuLin.wuxiahk,518
2026-07-24T05:37:49.941379+00:00,2026-07-22,SG,android,topgrossing,Top Grossing Android Apps,com.palmettopuzzleworks.wholeyearpuzzle,519
2026-07-24T05:37:49.941379+00:00,2026-07-22,SG,android,topgrossing,Top Grossing Android Apps,com.buffstudio.stillpoint.paid,520
2026-07-24T05:37:49.941379+00:00,2026-07-22,SG,android,topgrossing,Top Grossing Android Apps,www.triplematch.finditcy.com,521
2026-07-24T05:37:49.941379+00:00,2026-07-22,SG,android,topgrossing,Top Grossing Android Apps,com.uminton.basketball.traditional.tw,522
2026-07-24T05:37:49.941379+00:00,2026-07-22,SG,android,topgrossing,Top Grossing Android Apps,com.glitchgames.foreverlostepisode1hd,523
2026-07-24T05:37:49.941379+00:00,2026-07-22,SG,android,topgrossing,Top Grossing Android Apps,com.block.puzzle.quest.blast.it,524
2026-07-24T05:37:49.941379+00:00,2026-07-22,SG,android,topgrossing,Top Grossing Android Apps,com.firemaplegames.games.the_secretofgrislymanor,525
2026-07-24T05:37:49.941379+00:00,2026-07-22,SG,android,topgrossing,Top Grossing Android Apps,com.efun.sxsj.gp.sm,526
2026-07-24T05:37:49.941379+00:00,2026-07-22,SG,android,topgrossing,Top Grossing Android Apps,com.wsxyyzk.a2318,527
2026-07-24T05:37:49.941379+00:00,2026-07-22,SG,android,topgrossing,Top Grossing Android Apps,com.BeruGames.mysupermarketpremium,528
2026-07-24T05:37:49.941379+00:00,2026-07-22,SG,android,topgrossing,Top Grossing Android Apps,com.doubleugames.ngfe.lo,529
2026-07-24T05:37:49.941379+00:00,2026-07-22,SG,android,topgrossing,Top Grossing Android Apps,com.empire.kingdom.idle.defense.td.archer.game.premium,530
2026-07-24T05:37:49.941379+00:00,2026-07-22,SG,android,topgrossing,Top Grossing Android Apps,com.hypermonkgames.HillDrive,531
2026-07-24T05:37:49.941379+00:00,2026-07-22,SG,android,topgrossing,Top Grossing Android Apps,com.dragon.twigp,532
2026-07-24T05:37:49.941379+00:00,2026-07-22,SG,android,topgrossing,Top Grossing Android Apps,com.VuVuu.otok,533
2026-07-24T05:37:49.941379+00:00,2026-07-22,SG,android,topgrossing,Top Grossing Android Apps,com.dicerevolt.yippeekiyay.tw,534
2026-07-24T05:37:49.941379+00:00,2026-07-22,SG,android,topgrossing,Top Grossing Android Apps,com.slime.gp.tw,535
2026-07-24T05:37:49.941379+00:00,2026-07-22,SG,android,topgrossing,Top Grossing Android Apps,com.hydrozoa.yyg,536
2026-07-24T05:37:49.941379+00:00,2026-07-22,SG,android,topgrossing,Top Grossing Android Apps,com.mahjong4friends.twa,537
